ID,Address,Rooms,Type,Price,Date,Bathroom,Car,Landsize,Age,Lattitude,Longtitude
ID345159940,1/17 Auburn Gr,2,u,573000.0,13/08/2016,1.0,1.0,0.0,49.0,-37.8254,145.047
ID727564395,47 Studley St,2,h,1180000.0,27/11/2016,1.0,0.0,162.0,119.0,-37.8016,144.9956
ID257534322,20 Viridian Dr,4,h,618350.0,29/07/2017,2.0,2.0,542.0,10.0,-37.68104,144.74608
ID146663791,22 Henderson St,2,h,835000.0,15/07/2017,1.0,1.0,207.0,69.0,-37.762209999999996,144.94055
ID538187798,7/44 Darling St,2,u,630000.0,17/09/2016,1.0,1.0,0.0,6.0,-37.8361,144.9921
ID526640095,59 Ford St,3,h,990000.0,15/07/2017,2.0,0.0,337.0,29.0,-37.84417,144.87544
ID270098965,27A Yerrin St,3,t,1680000.0,22/04/2017,3.0,1.0,329.0,14.0,-37.8101,145.0844
ID155758507,1/20 Kensington Pl,3,t,630000.0,22/07/2017,1.0,2.0,169.0,18.0,-37.87345,145.22973000000005
ID795709418,13 Gish Ct,5,h,800000.0,23/04/2016,2.0,1.0,808.0,49.0,-37.7091,144.9491
ID988781139,220 Waterloo Rd,3,h,1400000.0,13/05/2017,1.0,3.0,730.0,16.0,-37.7167,144.9216
ID448597560,2/19 Glanfield St,2,h,695000.0,8/04/2017,1.0,1.0,120.0,44.0,-37.7715,145.0075
ID202032951,28 Stawell St,3,h,1422000.0,6/08/2016,1.0,0.0,339.0,12.0,-37.8215,145.0102
ID436419478,90 Bent St,4,h,1400000.0,29/07/2017,2.0,1.0,375.0,89.0,-37.762609999999995,144.93249
ID396793180,5 Byron Ct,3,h,650000.0,8/07/2017,2.0,2.0,1103.0,43.0,-37.78695,145.32513
ID760276526,40 Kingston St,3,h,872500.0,29/04/2017,1.0,2.0,189.0,99.0,-37.8145,144.8808
ID478148353,65 Charlotte St,3,h,800000.0,10/12/2016,2.0,1.0,0.0,49.0,-37.8352,144.8661
ID859314256,46 Harold St,2,h,1110000.0,14/05/2016,1.0,0.0,288.0,94.0,-37.7564,144.9971
ID187957893,52 Tranmere Av,4,h,1966000.0,23/09/2017,2.0,2.0,627.0,114.0,-37.89184,145.06056
ID838195665,16 Muriel Ct,3,h,825000.0,1/07/2017,2.0,5.0,537.0,59.0,-37.70047,145.02881000000005
ID517451678,32 Cumberland St,3,h,770000.0,9/09/2017,1.0,2.0,608.0,59.0,-37.77388,144.84368999999995
ID794362676,129/4 Bik La,2,u,700000.0,4/03/2017,2.0,2.0,4296.0,8.0,-37.7846,144.9785
ID786284663,11 Madden St,4,h,1048000.0,10/09/2016,2.0,1.0,647.0,99.0,-37.79,144.8815
ID638079697,3/42 Sapphire St,2,u,660000.0,4/06/2016,2.0,1.0,217.0,13.0,-37.7465,144.8868
ID527334956,60 Gibdon St,2,h,1005000.0,3/12/2016,1.0,0.0,0.0,24.0,-37.8301,145.0103
ID336222019,18 Shelley St,2,h,584000.0,12/06/2016,1.0,1.0,428.0,69.0,-37.7418,145.0513
ID214613871,8 Rowallan Ct,5,h,1890000.0,23/09/2017,2.0,2.0,659.0,44.0,-37.78628,145.1667
ID903284254,28 Moubray St,2,h,2015000.0,3/06/2017,1.0,2.0,178.0,129.0,-37.84098,144.95115
ID577120818,14 Arthur St,3,h,1365000.0,3/09/2016,1.0,0.0,513.0,99.0,-37.8678,145.02700000000004
ID951417331,12 Norfolk Cct,4,h,1520000.0,26/07/2016,3.0,2.0,657.0,9.0,-37.7954,145.1379
ID855218504,13 Southernhay St,3,h,787000.0,22/05/2016,1.0,1.0,563.0,79.0,-37.7258,145.0129
ID245892241,16 Princes St,4,h,1126000.0,16/04/2016,1.0,1.0,307.0,119.0,-37.8525,144.8945
ID921009022,2306/265 Exhibition St,2,u,780000.0,4/06/2016,2.0,1.0,0.0,22.0,-37.8095,144.9691
ID582298066,11 Craigielea Av,2,h,610000.0,15/07/2017,1.0,2.0,419.0,44.0,-37.7398,144.80348
ID538256827,18 Hoddle St,4,h,1870000.0,18/03/2017,1.0,1.0,700.0,29.0,-37.755,144.9233
ID620002122,5 Athol Ct,3,h,650000.0,12/08/2017,3.0,2.0,1060.0,19.0,-38.15752,145.19127
ID793401715,16 Driscolls Rd,3,h,461000.0,19/11/2016,1.0,0.0,534.0,39.0,-37.7294,144.8216
ID619019068,5 Grainger Ct,3,h,1001000.0,29/07/2017,1.0,2.0,727.0,49.0,-37.9128,145.16152
ID225737667,121 Bent St,2,h,888000.0,16/04/2016,1.0,1.0,190.0,34.0,-37.7667,144.9909
ID648566870,232 Blyth St,3,h,1225000.0,12/08/2017,1.0,1.0,697.0,49.0,-37.87256,144.8078
ID820454441,9/55 Northcote Rd,1,u,421500.0,3/12/2016,1.0,0.0,0.0,130.0,-37.853,145.0167
ID568161148,14 Ebb St,3,h,970000.0,22/07/2017,2.0,2.0,612.0,59.0,-38.01596,145.09932
ID893607050,33 Cecil St,3,h,1310000.0,24/09/2016,2.0,1.0,185.0,119.0,-37.8664,144.9072
ID813759812,27 Helene Ct,4,h,783000.0,3/06/2017,1.0,3.0,730.0,44.0,-37.87377,145.28688
ID175745229,68 Thompson St,3,h,680000.0,6/08/2016,1.0,2.0,570.0,49.0,-37.7591,144.8542
ID650340659,1/10 Morton St,3,u,780000.0,24/06/2017,2.0,1.0,318.0,19.0,-37.917120000000004,145.13625
ID178468821,17 Tynan St,4,h,1615000.0,28/05/2016,2.0,3.0,890.0,109.0,-37.7345,144.9891
ID645684798,19 Nolan St,3,h,1300000.0,17/06/2017,1.0,4.0,646.0,69.0,-37.7415,144.88923
ID282643514,3/38 Arnold St,1,u,540000.0,22/05/2016,1.0,1.0,480.0,89.0,-37.8356,144.9767
ID878767552,60 Cross St,3,h,878000.0,15/07/2017,2.0,2.0,163.0,6.0,-37.80069,144.88199
ID324240928,42 Denys St,3,h,712000.0,3/06/2017,1.0,2.0,603.0,59.0,-37.70037,144.97007
ID667047015,78 Valley Pde,4,h,2725000.0,25/02/2017,3.0,2.0,603.0,12.0,-37.8521,145.0657
ID901645302,1/29 Grant St,2,u,1211000.0,20/05/2017,1.0,1.0,259.0,49.0,-37.8718,145.0526
ID234232512,2/10 Bolinda Rd,3,t,1330000.0,27/05/2017,2.0,1.0,260.0,18.0,-37.79294,145.08583000000004
ID727353662,2/20 Margaret St,2,u,690500.0,23/04/2016,1.0,1.0,118.0,11.0,-37.8257,145.0856
ID509074698,7 Keown Ct,3,h,455000.0,3/12/2016,1.0,1.0,766.0,129.0,-37.6804,144.9664
ID902992562,8 Peel St,3,h,1095000.0,8/07/2017,1.0,1.0,493.0,42.0,-37.81498,145.18923999999996
ID827090040,116 Farrell St,2,h,1010000.0,24/09/2016,1.0,1.0,139.0,59.0,-37.8342,144.9393
ID341039752,115 Cheddar Rd,2,h,836000.0,15/10/2016,1.0,1.0,931.0,49.0,-37.7033,145.0169
ID266284435,7 Kinnoull Gr,5,h,2650000.0,17/06/2017,3.0,2.0,662.0,59.0,-37.87853,145.15542
ID127291222,2/25 Acland St,2,t,1077000.0,13/05/2017,1.0,1.0,455.0,129.0,-37.8636,144.9749
ID329524169,32 Cameron St,3,h,1555000.0,7/11/2016,1.0,0.0,250.0,119.0,-37.8167,144.9978
ID872088229,19 Jacka St,4,h,3230000.0,3/09/2016,4.0,3.0,1135.0,59.0,-37.8014,145.0892
ID755162919,25 Dover St,2,h,855000.0,8/04/2017,1.0,0.0,117.0,119.0,-37.8262,144.9922
ID157175119,147A Male St,2,t,1037000.0,25/02/2017,1.0,2.0,125.0,10.0,-37.9078,145.0051
ID733311876,164 Mascoma St,3,h,883000.0,24/06/2017,1.0,1.0,534.0,49.0,-37.719,144.90634
ID887584380,48 Branton Rd,3,h,553100.0,27/05/2017,2.0,2.0,540.0,45.0,-37.8765,144.69638
ID917522067,50 Davies St,2,h,830000.0,16/04/2016,1.0,1.0,319.0,119.0,-37.7572,144.9686
ID305320385,2/27 Morley St,3,u,460000.0,22/08/2016,2.0,1.0,190.0,9.0,-37.6997,144.9367
ID737393348,7A Alfada St,2,h,1225000.0,12/11/2016,1.0,2.0,284.0,79.0,-37.8958,145.0215
ID153560968,23 Silk St,3,h,908000.0,30/07/2016,1.0,2.0,692.0,69.0,-37.7345,145.0753
ID773773590,4/141 Centre Rd,2,u,563000.0,30/07/2016,1.0,1.0,1233.0,59.0,-37.9164,145.0228
ID425300928,7/122 Glen Huntly Rd,2,u,510000.0,11/03/2017,1.0,1.0,0.0,69.0,-37.8831,144.9896
ID917288137,23 Cyprus St,3,h,710500.0,8/07/2017,2.0,1.0,655.0,44.0,-37.67414,145.0205
ID898603715,37 Grosvenor St,3,h,1810000.0,18/06/2016,1.0,1.0,211.0,113.0,-37.8442,144.9928
ID254031854,48 Greeves St,4,h,1600000.0,12/08/2017,2.0,3.0,613.0,109.0,-37.86667,144.98324
ID716967574,1/136 Queen St,2,u,580000.0,8/10/2016,1.0,1.0,225.0,31.0,-37.8696,144.827
ID949094413,14 Rosedale Rd,3,h,2000000.0,18/06/2016,1.0,2.0,821.0,19.0,-37.8581,145.0685
ID689794287,95 Cochrane St,4,h,3295888.0,15/10/2016,3.0,2.0,565.0,29.0,-37.8975,144.9991
ID203837491,250 Arthur St,3,h,1145000.0,28/08/2016,1.0,3.0,590.0,17.0,-37.7673,145.02100000000004
ID337451416,44 McLean Av,3,h,1300000.0,26/08/2017,2.0,2.0,566.0,59.0,-37.91469,145.02788999999999
ID771899034,1/11 Glengala Rd,3,h,453000.0,17/06/2017,1.0,1.0,305.0,13.0,-37.788740000000004,144.82398999999995
ID800786789,52 Goulburn St,3,h,1419000.0,12/11/2016,1.0,2.0,270.0,99.0,-37.8148,144.8884
ID155643714,296 Albert Rd,3,h,1825000.0,18/06/2016,2.0,2.0,151.0,119.0,-37.8383,144.9632
ID243018614,13 Jessie St,5,h,1500000.0,19/08/2017,3.0,4.0,900.0,131.0,-37.754020000000004,144.95991
ID268778851,2/79 Oxford St,2,u,855000.0,3/09/2016,1.0,1.0,2886.0,189.0,-37.8042,144.9845
ID618572076,4/225 Maribyrnong Rd,2,t,565000.0,13/05/2017,2.0,1.0,103.0,10.0,-37.7715,144.9088
ID338707423,1/12 Pascoe St,2,u,360000.0,30/07/2016,1.0,1.0,119.0,79.0,-37.7161,144.9348
ID390767709,111 Rutherford Rd,4,h,1085000.0,22/08/2016,3.0,2.0,599.0,59.0,-37.7397,145.0934
ID390395262,6/36 Livingstone St,4,t,985000.0,22/07/2017,3.0,2.0,181.0,3.0,-37.76758,145.03883000000005
ID431692924,2A Albion St,3,h,1400000.0,19/08/2017,2.0,2.0,462.0,19.0,-37.84315,144.98596
ID404421322,5 Empress Ct,3,h,472500.0,18/06/2016,1.0,1.0,586.0,52.0,-37.791,144.7925
ID752065437,82 Price St,3,h,1226000.0,10/12/2016,1.0,3.0,533.0,64.0,-37.7462,144.8953
ID305994623,1/203 Brighton Rd,2,u,902000.0,27/05/2017,1.0,0.0,702.0,79.0,-37.87944,144.99375
ID390586067,14B Boronia St,3,t,1115000.0,4/03/2017,2.0,2.0,297.0,59.0,-37.9135,145.0774
ID936938732,27 Clifton Gr,3,h,1020000.0,20/05/2017,2.0,0.0,341.0,99.0,-37.7377,144.9584
ID207097214,2 Hughes Rd,4,h,500000.0,29/07/2017,2.0,2.0,550.0,54.0,-37.58279,145.12171999999995
ID892147977,1/7 Derry St,2,h,670000.0,27/11/2016,1.0,2.0,0.0,29.0,-37.76,144.9002
ID145743179,8 Hassett St,3,h,650000.0,12/11/2016,1.0,0.0,598.0,69.0,-37.7705,144.8307
ID874137059,43 Talintyre Rd,3,h,530000.0,27/11/2016,1.0,1.0,623.0,49.0,-37.8004,144.8138
ID679105082,1 Avenue Victoria,3,h,2040000.0,27/06/2016,1.0,2.0,783.0,69.0,-37.8234,145.0526
ID731147938,29 Hanley St,3,h,655000.0,1/07/2017,2.0,2.0,731.0,47.0,-38.029379999999996,145.31876
ID476346751,53 Ryan St,2,h,1170000.0,15/10/2016,1.0,1.0,184.0,119.0,-37.7988,144.90200000000004
ID256059463,61 Bangalore St,3,h,1291000.0,6/08/2016,1.0,1.0,416.0,119.0,-37.7946,144.924
ID854711302,73/145 Canterbury Rd,1,u,247500.0,22/04/2017,1.0,1.0,0.0,49.0,-37.8421,145.0104
ID263692358,6 McCully St,3,h,970000.0,30/07/2016,1.0,1.0,194.0,7.0,-37.7756,144.921
ID718531352,19 Myrtle St,4,h,1470000.0,15/10/2016,2.0,1.0,694.0,69.0,-37.7565,145.0506
ID298353991,30 Clifton St,4,h,1572000.0,7/05/2016,2.0,2.0,662.0,54.0,-37.798,145.1007
ID492749072,129 Albert St,3,h,850000.0,3/06/2017,1.0,2.0,485.0,139.0,-37.7383,145.02348999999995
ID171527629,20 Locksley Rd,4,h,2400000.0,4/06/2016,2.0,2.0,1252.0,99.0,-37.7727,145.0484
ID185950281,7 Inga Ct,3,h,1301000.0,18/03/2017,1.0,2.0,620.0,49.0,-37.8812,145.105
ID401046224,1/7 Sanders Pl,3,t,1582000.0,25/02/2017,3.0,2.0,119.0,14.0,-37.8278,144.9984
ID996703976,139 John St,3,h,765500.0,18/06/2016,2.0,2.0,780.0,49.0,-37.6955,144.9389
ID553655799,20 Astley St,4,h,1209000.0,26/07/2016,2.0,2.0,770.0,54.0,-37.7617,145.1065
ID982801203,3 Border Dr,3,h,918000.0,22/07/2017,2.0,2.0,669.0,19.0,-37.73936,144.85873999999995
ID883422056,33 Molden St,3,h,1400000.0,7/05/2016,2.0,2.0,653.0,49.0,-37.9069,145.0568
ID120104342,98 Heath St,2,h,1400000.0,25/02/2017,1.0,1.0,168.0,85.0,-37.8346,144.9453
ID600802171,47 Zetland Rd,3,h,1564000.0,27/11/2016,2.0,2.0,640.0,69.0,-37.8173,145.1123
ID946741045,2/115 Gillies St,2,u,505000.0,7/11/2016,1.0,1.0,0.0,49.0,-37.7755,145.0178
ID225167163,2/19 Elm St,2,u,745000.0,4/03/2017,1.0,1.0,161.0,49.0,-37.8327,145.106
ID610629037,37 Lee St,3,h,589000.0,9/09/2017,2.0,2.0,544.0,23.0,-37.7687,144.75833
ID705654777,9/3 Irving St,2,u,570500.0,4/03/2017,1.0,2.0,0.0,49.0,-37.8597,145.0318
ID632193209,4 Glendora Av,4,h,2210000.0,12/08/2017,2.0,1.0,396.0,111.0,-37.88779,144.99933000000001
ID258387258,57 Wonganella Dr,3,h,757000.0,7/11/2016,2.0,1.0,532.0,59.0,-37.7295,144.8644
ID942743815,3/23 Walstab St,3,u,1245000.0,28/05/2016,2.0,1.0,227.0,21.0,-37.9191,145.0074
ID332984875,4/39 Hunter St,2,u,1226000.0,6/05/2017,1.0,1.0,826.0,23.0,-37.821,145.0054
ID265372370,2/190 Murrumbeena Rd,1,u,291000.0,27/06/2016,1.0,1.0,0.0,69.0,-37.8979,145.0652
ID816324175,7 Valdemar Ct,4,h,1447000.0,25/02/2017,1.0,2.0,590.0,20.0,-37.9286,145.0274
ID336816217,1/143 Bradshaw St,2,u,762000.0,3/06/2017,1.0,1.0,195.0,9.0,-37.74125,144.89502
ID233136819,19 Wilkinson St,3,h,1025000.0,3/12/2016,2.0,2.0,676.0,69.0,-37.7262,145.0177
ID492680137,50 Andrew St,2,h,1500000.0,19/11/2016,1.0,2.0,0.0,91.0,-37.8518,144.9868
ID647228196,64 MacEdon Rd,4,h,1358500.0,28/08/2016,2.0,2.0,742.0,59.0,-37.7701,145.1131
ID181288112,36 Emerald St,5,h,2200000.0,1/07/2017,3.0,2.0,607.0,3.0,-37.75148,144.88519
ID547109517,9 Stephens St,5,h,4000000.0,18/06/2016,5.0,4.0,1364.0,6.0,-37.7961,145.0859
ID529375320,9 Frankston St,3,h,1040000.0,3/06/2017,2.0,1.0,461.0,29.0,-37.72499000000001,145.00038
ID447901506,11/17 Myamyn St,2,u,3625000.0,4/06/2016,2.0,2.0,0.0,13.0,-37.8555,145.0291
ID532487154,44 Manatunga Cct,6,h,990000.0,1/07/2017,3.0,2.0,562.0,8.0,-37.69749,145.1058
ID645450975,5 Kendall St,3,h,1265000.0,4/03/2017,2.0,1.0,465.0,69.0,-37.7471,144.9877
ID258375100,1/62 Wellington St,1,u,500000.0,4/03/2017,1.0,1.0,2335.0,17.0,-37.8571,144.987
ID568386418,9 Jackson St,3,h,1197000.0,26/08/2017,2.0,2.0,651.0,59.0,-37.83455,145.16173999999995
ID382904354,42 Gisborne Cr,3,h,890000.0,23/09/2017,1.0,2.0,725.0,21.0,-37.7183,145.02253000000005
ID490828916,24 The Avenue,3,h,850000.0,8/04/2017,2.0,2.0,795.0,64.0,-37.736,144.8771
ID672590264,30 Borrowdale Rd,3,h,438000.0,3/09/2017,2.0,2.0,575.0,3.0,-37.66745,144.55857
ID174964301,502/416 Gore St,2,u,790000.0,8/07/2017,1.0,2.0,6367.0,89.0,-37.7967,144.98363
ID429879453,52a Leinster Gr,3,t,910500.0,16/04/2016,2.0,2.0,157.0,9.0,-37.759,144.988
ID773261571,34 Parker St,3,h,1210000.0,18/03/2017,1.0,1.0,794.0,59.0,-37.7569,145.1179
ID521435552,21 Salvana Ct,4,h,751000.0,23/09/2017,2.0,2.0,712.0,21.0,-37.68646,144.77247
ID755306969,310/330 Lygon St,2,u,445000.0,27/06/2016,1.0,1.0,0.0,119.0,-37.7685,144.9724
ID534044944,8 Bowmore St,4,h,1745000.0,10/12/2016,2.0,1.0,547.0,94.0,-37.9002,145.0768
ID347835545,8 Carmichael St,3,h,1640000.0,27/05/2017,1.0,2.0,617.0,89.0,-37.77212,145.05813
ID892899220,3/21 Gardenvale Rd,2,u,500000.0,28/08/2016,1.0,1.0,90.0,109.0,-37.8996,145.0169
ID843376702,8 Cash St,4,h,1740000.0,10/09/2016,2.0,2.0,610.0,26.0,-37.7843,145.0891
ID665761167,2/82 Brunel St,2,u,720000.0,8/10/2016,1.0,1.0,92.0,25.0,-37.8706,145.0578
ID977715325,85A Clyde St,3,t,1100000.0,25/02/2017,2.0,2.0,7330.0,8.0,-37.7614,145.0118
ID880685393,6/119 Anderson Rd,2,u,445000.0,29/04/2017,1.0,1.0,196.0,59.0,-37.6956,144.9656
ID258375100,1/62 Wellington St,1,u,500000.0,4/03/2017,1.0,1.0,2335.0,17.0,-37.8571,144.987
ID475375199,3 Xavier Gr,3,h,920000.0,4/06/2016,2.0,2.0,623.0,5.0,-37.7276,145.0165
ID414537353,11 Hosking St,3,h,1367000.0,27/05/2017,1.0,2.0,410.0,7.0,-37.85569,144.89373999999995
ID789358844,3 Grant St,2,h,875000.0,26/08/2017,1.0,0.0,419.0,99.0,-37.89721,145.09792
ID796380800,5/60 Woornack Rd,2,u,650000.0,18/06/2016,1.0,1.0,174.0,44.0,-37.8978,145.062
ID945644358,7 Caddy Ct,3,h,585000.0,13/08/2016,1.0,3.0,620.0,7.0,-37.7293,145.032
ID251864383,12 Wood St,5,h,1500000.0,22/07/2017,2.0,2.0,591.0,69.0,-37.922109999999996,145.0466
ID325078967,301/84 Altona St,2,u,425000.0,27/11/2016,1.0,1.0,0.0,13.0,-37.7966,144.9254
ID288890458,46 Ferndale Rd,3,h,621000.0,17/09/2016,1.0,1.0,619.0,44.0,-37.7665,144.8358
ID762899804,18 Elizabeth Ct,3,h,668000.0,17/09/2016,2.0,1.0,618.0,54.0,-37.6989,145.0212
ID563433453,2/532 Orrong Rd,2,u,565000.0,28/08/2016,1.0,1.0,0.0,79.0,-37.8573,145.0112
ID847414328,69 MacPherson St,2,h,757500.0,22/08/2016,1.0,0.0,258.0,119.0,-37.7959,144.8901
ID406623980,2/12 William St,2,u,695000.0,1/07/2017,2.0,1.0,208.0,19.0,-37.70267,145.09526
ID843673857,11 Hillcrest Rd,5,h,900000.0,30/07/2016,2.0,2.0,568.0,24.0,-37.7129,144.9253
ID342652344,112 Croydon Rd,4,h,2128000.0,3/09/2016,3.0,2.0,771.0,19.0,-37.8239,145.0969
ID793200856,98 Bath Rd,4,h,1950000.0,25/02/2017,2.0,2.0,775.0,59.0,-37.8561,145.0934
ID648785081,967 Drummond St,4,h,2718000.0,11/03/2017,2.0,0.0,538.0,4.0,-37.7816,144.9714
ID292594432,2/29 May Rd,1,u,430000.0,4/06/2016,1.0,1.0,0.0,49.0,-37.8473,145.0053
ID494076285,3 Adamson St,4,h,3200000.0,26/08/2017,3.0,2.0,635.0,89.0,-37.91559,144.99885
ID785999790,253 Thompsons Rd,4,h,1000000.0,13/08/2016,3.0,2.0,728.0,49.0,-37.768,145.1027
ID764136189,2/147 Glen Huntly Rd,1,u,485000.0,8/10/2016,1.0,1.0,0.0,49.0,-37.8831,144.9918
ID914171766,1/14 Barkly St,4,t,975000.0,15/10/2016,2.0,2.0,299.0,11.0,-37.8282,145.1301
ID723298134,1/38 Neville St,3,u,1170000.0,10/09/2016,1.0,2.0,0.0,94.0,-37.8977,145.0493
ID339162790,9 Kevin St,3,h,815000.0,8/10/2016,1.0,1.0,438.0,59.0,-37.7338,144.9441
ID175378117,77 Buckingham St,3,h,1182000.0,14/05/2016,1.0,1.0,199.0,99.0,-37.8139,145.0039
ID794304824,5 Viewbank Dr,3,h,823000.0,27/11/2016,1.0,2.0,538.0,39.0,-37.7486,144.8778
ID896858348,24 County Tce,4,h,1020000.0,29/07/2017,2.0,2.0,560.0,29.0,-37.77791,145.26912
ID370970426,23 Howitt St,3,h,1400000.0,24/09/2016,1.0,1.0,335.0,109.0,-37.7816,145.0141
ID367103161,4/97 Cowper St,1,u,275000.0,16/07/2016,1.0,1.0,0.0,49.0,-37.8053,144.9029
ID204971469,695 Heatherton Rd,3,h,1250500.0,9/09/2017,1.0,2.0,1226.0,69.0,-37.95988,145.13279
ID626029603,5/322 Buckley St,2,u,460000.0,14/05/2016,1.0,1.0,0.0,59.0,-37.7545,144.8964
ID136703759,19a Elizabeth St,3,u,851000.0,3/09/2016,1.0,2.0,385.0,19.0,-37.7599,145.0849
ID960986991,2/237 Rosanna Rd,3,u,601000.0,28/05/2016,2.0,1.0,217.0,13.0,-37.7388,145.0742
ID811458690,7 Loddon Av,3,h,935000.0,16/09/2017,1.0,2.0,768.0,129.0,-37.7234,145.0266
ID872285178,13/60 Carlisle St,1,u,420000.0,22/05/2016,1.0,1.0,0.0,49.0,-37.8674,144.9839
ID435530053,32 Chadstone Rd,3,h,2250000.0,6/05/2017,1.0,2.0,840.0,69.0,-37.883,145.0791
ID120339738,570 Canning St,4,h,2400000.0,24/06/2017,1.0,1.0,163.0,109.0,-37.7835,144.97556
ID529509441,4/6 Kelly St,3,u,701000.0,8/04/2017,2.0,2.0,235.0,19.0,-37.8856,145.0934
ID822771978,17/198 Peel St,2,u,550000.0,17/06/2017,1.0,1.0,0.0,69.0,-37.80298,144.9568
ID813066029,3/29 Mount Pleasant Rd,2,u,676000.0,8/07/2017,1.0,1.0,149.0,49.0,-37.8231,145.17911
ID656677368,1/1 Peterson St,3,t,1030000.0,29/07/2017,2.0,2.0,240.0,13.0,-37.9461,145.02432
ID932050651,2 Bruce St,3,h,1500000.0,7/11/2016,1.0,1.0,693.0,25.0,-37.884,145.0713
ID660451418,5A Edward St,2,t,515000.0,3/09/2017,1.0,2.0,177.0,6.0,-37.70982,144.96397
ID873469274,8 Ovata Cl,4,h,915000.0,4/03/2017,3.0,1.0,531.0,29.0,-37.7198,145.1034
ID997018003,61 Steele St,4,h,1361500.0,10/12/2016,1.0,2.0,453.0,99.0,-37.7698,144.9336
ID878208607,24 Robert St,4,h,1300000.0,10/12/2016,3.0,1.0,604.0,59.0,-37.7621,145.086
ID917407645,150 Balwyn Rd,4,h,2250000.0,16/07/2016,1.0,2.0,832.0,69.0,-37.8068,145.0827
ID520714192,2/18 Vermont Pde,2,u,670000.0,26/08/2017,1.0,1.0,704.0,62.0,-37.70674,145.09841
ID876311562,138 Outhwaite Rd,3,h,690500.0,17/09/2016,1.0,2.0,605.0,64.0,-37.7386,145.0447
ID585349083,24/302 Abbotsford St,2,u,540000.0,3/12/2016,1.0,1.0,0.0,49.0,-37.7994,144.9464
ID544619529,5 Kilburn St,4,h,1610000.0,12/08/2017,3.0,2.0,861.0,64.0,-37.73154,144.92243
ID469084432,4/57 Blyth St,3,u,730000.0,13/08/2016,2.0,1.0,69.0,5.0,-37.868,144.8286
ID356252074,3 Evelyn St,3,h,1015000.0,13/05/2017,2.0,1.0,511.0,84.0,-37.7377,144.9911
ID310319472,4/313 Dandenong Rd,1,u,330000.0,6/08/2016,1.0,1.0,0.0,49.0,-37.8595,145.0076
ID996623871,13 Claronga St,3,h,885000.0,4/06/2016,1.0,2.0,565.0,69.0,-37.9262,145.0808
ID619057682,215 Neerim Rd,3,h,950000.0,14/05/2016,1.0,1.0,586.0,49.0,-37.88800000000001,145.0505
ID228715721,12 Youngman St,2,h,780000.0,8/10/2016,1.0,3.0,475.0,69.0,-37.7351,145.0066
ID943821200,97 John St,3,h,683000.0,6/05/2017,1.0,2.0,697.0,49.0,-37.6969,144.9425
ID822412432,72 Daley St,4,h,1281000.0,28/08/2016,1.0,5.0,594.0,79.0,-37.9206,145.0383
ID753093831,121 High St,4,h,1910000.0,1/07/2017,2.0,3.0,737.0,39.0,-37.86231,145.07213000000004
ID759074025,10/81 Rufus St,2,u,291000.0,9/09/2017,1.0,1.0,161.0,49.0,-37.64888,145.02313
ID922595913,11 William St,3,t,705000.0,27/06/2016,1.0,1.0,55.0,7.0,-37.7611,144.9622
ID991444721,13 Cannon St,3,h,605000.0,19/11/2016,1.0,1.0,462.0,63.0,-37.7969,144.8276
ID983204820,167 Thomas St,3,h,1300000.0,24/06/2017,1.0,2.0,684.0,79.0,-37.90514,145.02524
ID714008261,41 Patricia St,4,h,1250000.0,19/08/2017,2.0,2.0,534.0,49.0,-37.74514,144.87313
ID570444260,8/366 Melrose Dr,2,t,355000.0,3/06/2017,1.0,1.0,108.0,44.0,-37.68837,144.87122
ID773773590,4/141 Centre Rd,2,u,563000.0,30/07/2016,1.0,1.0,1233.0,59.0,-37.9164,145.0228
ID797498722,16 Burton St,4,h,2050000.0,27/05/2017,3.0,2.0,526.0,13.0,-37.80365,145.09048
ID858783290,14 The Avenue,3,h,540000.0,9/09/2017,2.0,2.0,362.0,14.0,-37.6366,145.07226
ID783797027,215 Derby St,3,h,840000.0,29/07/2017,1.0,1.0,438.0,39.0,-37.71962,144.94756
ID536689842,5 Barmah Gra,4,h,715000.0,24/06/2017,2.0,2.0,680.0,8.0,-37.612359999999995,144.90753
ID519359307,45 Elizabeth St,4,h,1385000.0,22/07/2017,3.0,2.0,417.0,39.0,-37.792229999999996,145.14606
ID299061608,16 Scenic Dr,5,h,1529500.0,17/09/2016,3.0,2.0,585.0,19.0,-37.8637,145.1024
ID436578658,33 Jane St,3,h,620000.0,29/07/2017,1.0,2.0,792.0,49.0,-38.03517,145.33886
ID595186639,43 Mitchell St,4,h,1275000.0,23/09/2017,1.0,2.0,518.0,139.0,-37.758829999999996,144.96749
ID374102943,35 May St,2,h,610000.0,24/09/2016,1.0,2.0,691.0,11.0,-37.834,144.8553
ID144798024,15 Wilson St,4,h,1385000.0,16/07/2016,2.0,1.0,576.0,99.0,-37.9152,145.0244
ID884317234,47 Mooltan St,2,h,1100000.0,18/06/2016,1.0,1.0,321.0,119.0,-37.7818,144.9374
ID976133310,203/140 Gipps St,2,u,1935000.0,16/07/2016,2.0,2.0,0.0,9.0,-37.8127,144.9847
ID829684312,8 Upland Rd,3,h,1430000.0,7/05/2016,1.0,1.0,694.0,69.0,-37.7411,144.9262
ID928782073,45A Harold St,3,h,1280000.0,25/02/2017,1.0,1.0,253.0,109.0,-37.7566,144.9965
ID632908981,1 Blackshaw St,2,h,1668000.0,24/09/2016,1.0,2.0,595.0,21.0,-37.9092,145.0507
ID897311804,4/48 Banksia Gr,3,h,500000.0,1/07/2017,1.0,1.0,268.0,3.0,-37.70367,144.88081
ID726298088,1/17 Claudel St,3,t,820000.0,17/06/2017,2.0,1.0,200.0,6.0,-37.91017,145.11488
ID411220248,63 Cornwall Rd,3,h,721000.0,27/11/2016,1.0,2.0,542.0,21.0,-37.7189,144.9367
ID542733843,15 Rose St,2,h,1550000.0,17/06/2017,1.0,0.0,212.0,84.0,-37.85068,145.01578999999995
ID930153904,10/40 Young St,2,t,515000.0,12/11/2016,1.0,1.0,1981.0,13.0,-37.7677,144.9221
ID161172790,6/350 Somerville Rd,2,h,502000.0,6/05/2017,1.0,1.0,2701.0,8.0,-37.8109,144.8684
ID638345547,39 Kiewa St,3,h,1542000.0,8/04/2017,2.0,2.0,980.0,39.0,-37.7883,145.1387
ID966621481,11A Taylor St,4,h,1300000.0,19/08/2017,3.0,2.0,221.0,19.0,-37.90381,145.01821999999999
ID986020437,6 Normanby Ct,2,h,613000.0,13/05/2017,1.0,0.0,391.0,59.0,-37.7349,145.0398
ID656156354,2 Kershaw St,4,h,1320000.0,3/09/2017,2.0,5.0,600.0,69.0,-37.998059999999995,145.08829
ID721706789,15 Mirams St,4,h,1345000.0,25/02/2017,1.0,1.0,552.0,99.0,-37.7769,144.9138
ID949180876,7 Wiltshire St,3,h,1425000.0,17/06/2017,3.0,3.0,81.0,19.0,-37.82622,144.99878999999999
ID670291250,10/90 Yarralea St,1,u,320000.0,6/05/2017,1.0,1.0,915.0,104.0,-37.7793,145.0327
ID985207476,31 Gardiner Pde,4,h,2625000.0,19/11/2016,3.0,2.0,840.0,89.0,-37.8538,145.0641
ID924951250,26 Carnarvon Rd,3,h,1720000.0,16/09/2017,1.0,2.0,631.0,119.0,-37.73887,144.91103
ID857379495,4/1 Allard St,2,u,473000.0,4/06/2016,1.0,2.0,568.0,49.0,-37.7682,144.9422
ID129145382,70 Barry St,3,h,785000.0,24/09/2016,1.0,1.0,719.0,5.0,-37.709,145.0015
ID664240595,24 Clarence St,3,h,1940000.0,20/05/2017,2.0,2.0,439.0,107.0,-37.891999999999996,145.0103
ID826283347,17 Ardwick St,3,h,1532000.0,9/09/2017,1.0,2.0,628.0,69.0,-37.92716,145.03778
ID969057131,21 Stoneyfell Rd,4,h,527000.0,26/08/2017,2.0,2.0,400.0,8.0,-37.90858,144.77771
ID504443529,138 Bellbridge Dr,3,h,520000.0,27/05/2017,2.0,2.0,530.0,20.0,-37.867129999999996,144.71086
ID630779452,382A Smith St,2,t,931000.0,16/09/2017,1.0,1.0,109.0,18.0,-37.79737,144.98492
ID509346226,45 Cosmos St,5,h,810000.0,11/03/2017,4.0,4.0,695.0,69.0,-37.7028,144.9377
ID439876676,2/2 Dundas St,2,u,450000.0,18/03/2017,1.0,1.0,0.0,49.0,-37.7526,145.0023
ID334953305,1/30 Lisson Gr,2,h,1480000.0,24/06/2017,0.0,0.0,241.0,129.0,-37.82679,145.03021
ID883607352,27 Parkmore Rd,4,h,1310000.0,18/03/2017,2.0,2.0,606.0,16.0,-37.9147,145.0645
ID907723595,1/34 Campbell St,2,u,525000.0,15/07/2017,1.0,1.0,0.0,39.0,-37.82118,145.24138
ID838359240,19 Glassford St,3,h,2365000.0,18/06/2016,2.0,1.0,316.0,53.0,-37.8521,145.019
ID795307143,1001/639 Little Bourke St,2,u,470000.0,18/03/2017,1.0,2.0,0.0,102.0,-37.816,144.9535
ID757325081,8/36 Power St,2,u,600000.0,4/03/2017,1.0,1.0,0.0,5.0,-37.816,145.0272
ID806571788,4 Clifton St,5,h,1820000.0,28/05/2016,3.0,2.0,344.0,80.0,-37.7677,145.0085
ID209449708,18 Ethel St,2,h,1023000.0,3/09/2017,1.0,0.0,154.0,129.0,-37.77221,144.97537
ID368154697,5/16 St Georges Rd,2,u,741000.0,16/04/2016,1.0,1.0,0.0,53.0,-37.8829,145.0033
ID668548245,3/59 Poath Rd,2,h,692000.0,25/02/2017,1.0,2.0,0.0,28.0,-37.8929,145.0765
ID680604767,76 North Rd,2,h,920000.0,16/09/2017,1.0,2.0,665.0,64.0,-37.72303,145.01883999999995
ID342835567,2/203 Booran Rd,2,u,790000.0,26/08/2017,1.0,1.0,919.0,9.0,-37.8981,145.03551000000004
ID941954933,240 Coogee La,3,h,1330000.0,29/04/2017,2.0,2.0,184.0,13.0,-37.8629,144.8896
ID384521060,1 James St,3,h,650000.0,19/11/2016,1.0,1.0,725.0,49.0,-37.7115,144.9731
ID661036404,36 Bayview Rd,3,h,1085000.0,24/06/2017,1.0,1.0,297.0,99.0,-37.808279999999996,144.8856
ID232068426,3/8 Alicia St,2,u,500000.0,27/06/2016,1.0,1.0,0.0,49.0,-37.9436,145.0027
ID354669729,5 Highgate St,3,h,966000.0,27/11/2016,2.0,2.0,456.0,49.0,-37.823,144.8768
ID967067828,60 Cramer St,3,h,910000.0,14/05/2016,1.0,1.0,486.0,64.0,-37.7395,144.9966
ID420356671,26/12 Fitzroy St,1,u,385000.0,10/12/2016,1.0,1.0,0.0,14.0,-37.8614,144.9741
ID176517426,26 Octantis St,4,h,1390000.0,8/07/2017,3.0,2.0,664.0,41.0,-37.77813,145.16558
ID309261068,27 Miller St,3,h,1320000.0,3/06/2017,2.0,1.0,276.0,109.0,-37.751259999999995,144.89558
ID927311666,3 Victoria St,2,h,822500.0,28/08/2016,1.0,1.0,219.0,119.0,-37.7627,144.9141
ID336683136,110 Ingles St,2,h,790000.0,24/09/2016,1.0,1.0,108.0,59.0,-37.8329,144.9463
ID786284663,11 Madden St,4,h,1048000.0,10/09/2016,2.0,1.0,647.0,99.0,-37.79,144.8815
ID709680738,80 Coventry St,3,h,1220000.0,12/11/2016,1.0,1.0,0.0,7.0,-37.8288,144.9679
ID153861061,41 Clayton Rd,2,h,1114000.0,3/06/2017,1.0,1.0,703.0,59.0,-37.902409999999996,145.12378
ID921081518,2/66 Walsh St,2,u,860000.0,3/09/2017,1.0,1.0,644.0,19.0,-37.83652,144.98522
ID160395041,9/35 Powlett St,2,u,872000.0,28/05/2016,0.0,0.0,0.0,89.0,-37.8154,144.9851
ID400039213,32 Elton Rd,3,h,663500.0,3/06/2017,1.0,2.0,736.0,59.0,-37.88909,145.26935
ID498551974,22/530 Toorak Rd,2,u,531000.0,18/03/2017,1.0,1.0,0.0,59.0,-37.8424,145.0184
ID931461572,171 Southern Rd,3,h,950000.0,22/04/2017,1.0,3.0,695.0,63.0,-37.7416,145.0406
ID362692206,24/294 Nicholson St,2,u,450000.0,6/08/2016,1.0,2.0,0.0,49.0,-37.8087,144.8978
ID453555386,4 Matthews Ct,3,h,2820000.0,10/12/2016,2.0,2.0,600.0,52.0,-37.8332,145.0117
ID585704702,315 Elizabeth Dr,3,h,500000.0,22/07/2017,1.0,3.0,678.0,44.0,-37.56935,144.7241
ID596412405,3 Garden St,3,h,1494000.0,3/06/2017,1.0,0.0,333.0,51.0,-37.8649,144.89524
ID255913249,487 Hoddle St,3,h,1652500.0,13/05/2017,1.0,0.0,276.0,115.0,-37.7933,144.9938
ID188691057,5 Charles St,3,h,1465000.0,4/03/2017,2.0,0.0,134.0,119.0,-37.8093,144.9944
ID988459433,21A Cosmos St,3,h,577000.0,18/03/2017,1.0,2.0,706.0,49.0,-37.7053,144.9372
ID372132252,111 Nepean Hwy,3,h,1060000.0,27/05/2017,2.0,1.0,306.0,44.0,-37.895070000000004,145.00477
ID783040740,95 Walter St,4,h,1480000.0,17/09/2016,2.0,2.0,597.0,80.0,-37.7757,144.9088
ID577274215,6/14 Woorigoleen Rd,3,u,1350000.0,12/08/2017,2.0,1.0,187.0,79.0,-37.84297,145.01819
ID666508361,2/61 Canterbury Rd,2,u,535000.0,4/06/2016,1.0,1.0,760.0,89.0,-37.8474,144.9625
ID866300058,73 Belford Rd,3,h,1750000.0,4/03/2017,1.0,3.0,650.0,49.0,-37.7955,145.0473
ID906575418,4/1 Rhodes Pde,3,h,500000.0,30/07/2016,1.0,2.0,191.0,6.0,-37.7168,144.9329
ID964952423,63 Beach Rd,2,h,1690000.0,15/10/2016,1.0,1.0,319.0,49.0,-37.9409,145.0001
ID365388098,401/216 Rouse St,1,u,420000.0,7/11/2016,1.0,1.0,0.0,119.0,-37.841,144.9379
ID687517819,3 Fairview Gr,5,h,3365000.0,28/05/2016,2.0,2.0,1339.0,94.0,-37.8649,145.0547
ID950189766,15 Anthony Dr,3,h,1028800.0,26/08/2017,2.0,1.0,470.0,59.0,-37.88751,145.13545
ID978346232,40 Metung St,5,h,2800000.0,4/06/2016,3.0,2.0,678.0,18.0,-37.8048,145.0708
ID526819267,3 Clive Ct,4,h,950000.0,10/12/2016,3.0,3.0,761.0,49.0,-37.7524,144.8714
ID641016684,2 Ireland Av,3,h,605000.0,15/07/2017,2.0,2.0,688.0,29.0,-38.037,145.30862
ID692857899,4 Agatha St,3,h,1240000.0,8/10/2016,2.0,2.0,307.0,119.0,-37.7543,144.9249
ID476360895,13 Lord St,4,h,1550000.0,15/07/2017,2.0,1.0,642.0,10.0,-37.88512,145.04554
ID751894181,4/13 Glen Valley Rd,1,h,360000.0,12/08/2017,1.0,1.0,76.0,49.0,-37.832209999999996,145.17117
ID393592889,10/2 Howlett St,2,u,500000.0,8/04/2017,1.0,1.0,0.0,19.0,-37.7897,144.9228
ID959435306,15 Dover St,2,h,1065000.0,4/03/2017,1.0,1.0,273.0,89.0,-37.895,145.02200000000005
ID346559319,15 Ellendale St,3,t,1150000.0,6/08/2016,2.0,1.0,207.0,16.0,-37.7893,145.092
ID189062232,58 Church St,3,h,570000.0,27/05/2017,1.0,2.0,660.0,59.0,-37.909079999999996,144.65774
ID643585003,1/3 Eldridge St,1,u,227000.0,4/03/2017,1.0,1.0,0.0,49.0,-37.7907,144.8924
ID978179329,8/187 Tucker Rd,3,u,517500.0,28/08/2016,1.0,1.0,0.0,49.0,-37.9178,145.0511
ID173890567,3 Rosehill Ct,4,h,757000.0,9/09/2017,2.0,3.0,800.0,34.0,-37.67217,145.0642
ID126384097,9 Howard St,3,h,780000.0,10/12/2016,1.0,2.0,457.0,59.0,-37.7199,145.0155
ID683838143,45 Northcote Rd,3,h,1450000.0,16/09/2017,1.0,1.0,245.0,99.0,-37.85335,145.01698000000005
ID475543328,27 Davey St,3,h,687000.0,12/11/2016,1.0,1.0,695.0,69.0,-37.7853,144.8114
ID215917353,21/7 Alfred Sq,2,u,520000.0,25/02/2017,1.0,1.0,1235.0,39.0,-37.8645,144.9749
ID340989753,403/120 Greville St,2,u,712500.0,28/05/2016,2.0,1.0,0.0,129.0,-37.8493,144.9908
ID981425805,672 North Rd,3,h,1103000.0,9/09/2017,1.0,2.0,401.0,59.0,-37.90491,145.04568
ID463979042,2/120 Suffolk St,2,h,502000.0,8/10/2016,1.0,1.0,144.0,14.0,-37.7895,144.8667
ID925799562,7/765 Malvern Rd,2,u,620000.0,4/03/2017,1.0,1.0,1119.0,11.0,-37.8498,145.0173
ID950230096,262 Union Rd,4,h,3290000.0,22/05/2016,3.0,2.0,1007.0,109.0,-37.8135,145.0995
ID544619529,5 Kilburn St,4,h,1610000.0,12/08/2017,3.0,2.0,861.0,64.0,-37.73154,144.92243
ID153232359,24 Guest Rd,3,h,1235000.0,15/10/2016,1.0,4.0,743.0,59.0,-37.9129,145.094
ID467661795,2/22 Scott Gr,3,t,780000.0,10/09/2016,2.0,2.0,160.0,17.0,-37.8525,145.0973
ID472146661,2/12 Randwick Dr,3,h,635000.0,8/07/2017,2.0,2.0,174.0,17.0,-37.72012,144.86149
ID129256860,5 Grange Rd,3,h,1650000.0,6/08/2016,1.0,2.0,875.0,7.0,-37.8815,145.0491
ID508218741,1 Jassa St,3,h,1352000.0,19/11/2016,1.0,2.0,686.0,69.0,-37.9113,145.0765
ID417357520,20 Westminster Dr,3,h,892500.0,22/05/2016,1.0,1.0,586.0,54.0,-37.7642,144.8603
ID266061532,50 Lewisham Rd,3,h,2368000.0,27/06/2016,2.0,1.0,322.0,49.0,-37.8547,144.9995
ID517806317,10/18 Ireland St,1,u,460000.0,4/06/2016,1.0,1.0,0.0,19.0,-37.8076,144.9456
ID294743984,114 Through Rd,3,h,1930000.0,6/05/2017,1.0,2.0,643.0,99.0,-37.8405,145.0924
ID717815230,30 Cedar St,2,h,1001000.0,26/07/2016,2.0,1.0,255.0,129.0,-37.8887,145.0207
ID685694272,270 Albion St,3,h,880000.0,24/09/2016,1.0,1.0,264.0,104.0,-37.7603,144.9573
ID327013110,12 Hilda St,4,h,2200000.0,4/03/2017,3.0,2.0,567.0,99.0,-37.8742,145.0614
ID579972346,75 Deakin St,3,h,1165000.0,12/08/2017,1.0,1.0,590.0,89.0,-37.746520000000004,144.89178
ID587239477,41 Essex St,3,u,630000.0,3/06/2017,1.0,1.0,365.0,20.0,-37.72737,144.94593
ID185410196,32 Heron Ct,4,h,1050000.0,9/09/2017,2.0,2.0,770.0,59.0,-37.78929,145.2458
ID170016952,131 Linacre Rd,4,h,1680000.0,6/08/2016,1.0,1.0,723.0,64.0,-37.9437,145.0175
ID650717089,8/54 Moonya Rd,1,u,346000.0,4/03/2017,1.0,1.0,60.0,49.0,-37.8965,145.0618
ID680734988,14 Atkins St,4,h,2375000.0,16/09/2017,3.0,2.0,481.0,29.0,-37.81027,145.04476
ID121913865,27 Summerhill Rd,2,h,800000.0,9/09/2017,1.0,2.0,353.0,89.0,-37.79047,144.88289
ID419559710,14 Gavin St,3,h,605000.0,23/09/2017,1.0,0.0,593.0,59.0,-37.68775,144.90941999999995
ID127351513,23 Canberra Rd,4,h,4500000.0,15/10/2016,3.0,2.0,732.0,39.0,-37.8349,145.01
ID844127668,18a Berembong Dr,2,u,470000.0,13/08/2016,1.0,1.0,218.0,49.0,-37.7337,144.8617
ID874482570,1/60 Mimosa Rd,2,u,455000.0,16/07/2016,1.0,1.0,0.0,49.0,-37.8897,145.0524
ID547550598,2 Merton Cl,3,h,1385000.0,1/07/2017,1.0,2.0,807.0,49.0,-37.86618,145.14757
ID309573413,11 Perth St,3,h,1470000.0,4/03/2017,1.0,2.0,701.0,84.0,-37.8868,145.0688
ID505328379,2/52 Barton St,2,u,807000.0,17/06/2017,1.0,1.0,1501.0,59.0,-37.81665,145.10043000000005
ID173437009,21 Pyalong Cr,3,h,420500.0,15/07/2017,1.0,1.0,650.0,49.0,-37.675059999999995,144.93793
ID313513945,25 Elm St,3,h,1220000.0,12/08/2017,1.0,1.0,293.0,119.0,-37.784459999999996,144.92797
ID534132681,84 The Boulevard,3,h,740000.0,27/05/2017,1.0,2.0,727.0,67.0,-37.67873,145.01878
ID852342569,30 Downs St,2,t,550500.0,22/05/2016,1.0,2.0,135.0,7.0,-37.7242,144.9411
ID621733738,13 Anglers Dr,4,h,600000.0,22/07/2017,2.0,2.0,500.0,6.0,-37.627559999999995,145.03364
ID919029062,4/2 Hornby St,1,t,681000.0,24/09/2016,1.0,1.0,166.0,7.0,-37.9159,145.019
ID240437253,184 Finch St,3,h,3310000.0,20/05/2017,3.0,2.0,662.0,31.0,-37.8605,145.0455
ID483109983,4/97 Earl St,4,t,1000000.0,24/09/2016,3.0,2.0,317.0,27.0,-37.794000000000004,145.032
ID354899735,66 Ursa St,3,h,1490000.0,17/06/2017,1.0,2.0,703.0,69.0,-37.78327,145.07709
ID532199065,5 Robin Ct,4,h,1782000.0,25/02/2017,3.0,3.0,586.0,17.0,-37.7739,145.1287
ID441366838,12 Athol St,6,h,2150000.0,4/03/2017,3.0,2.0,912.0,99.0,-37.77,144.9189
ID722886879,58 Teddington Rd,3,h,1320000.0,18/06/2016,2.0,2.0,320.0,49.0,-37.9364,145.02100000000004
ID463518359,1/25 Morell St,3,h,420000.0,15/10/2016,1.0,2.0,0.0,59.0,-37.7025,144.9504
ID454354470,2 Moore St,1,h,911000.0,29/04/2017,1.0,0.0,126.0,119.0,-37.8259,145.0107
ID468762630,1 Swallow La,3,u,605000.0,3/06/2017,1.0,2.0,4096.0,131.0,-37.8021,144.9075
ID536285149,2/2 Myrniong Gr,3,h,1600000.0,7/05/2016,2.0,2.0,200.0,99.0,-37.8396,145.0514
ID225296943,1509/152 Sturt St,2,u,569000.0,11/03/2017,2.0,1.0,3878.0,7.0,-37.8255,144.9665
ID536146727,7 Hope St,3,t,1200000.0,24/09/2016,2.0,2.0,541.0,59.0,-37.8628,145.0486
ID568680580,49 Bent St,3,h,1500000.0,28/05/2016,1.0,1.0,929.0,69.0,-37.8651,144.832
ID671178619,7/32 Gardenia Rd,2,u,440000.0,18/06/2016,1.0,1.0,0.0,49.0,-37.8971,145.0093
ID514166507,62 Croydon Rd,3,h,985500.0,24/06/2017,1.0,2.0,973.0,11.0,-37.78964000000001,145.2829
ID949931009,78 Emo Rd,4,h,2355000.0,3/12/2016,2.0,3.0,0.0,104.0,-37.8755,145.0523
ID290606669,15 George St,3,h,800000.0,8/10/2016,1.0,2.0,570.0,69.0,-37.718,144.9999
ID705675167,5 Charles St,4,h,705000.0,25/02/2017,2.0,1.0,570.0,79.0,-37.7749,144.8329
ID208717076,13 Franklin St,3,h,725000.0,22/05/2016,2.0,1.0,374.0,69.0,-37.939,145.0533
ID272147806,12/228 The Avenue,1,u,500000.0,27/11/2016,1.0,1.0,2431.0,129.0,-37.7821,144.9576
ID494556361,117 Marshall Rd,3,h,662000.0,23/04/2016,1.0,2.0,612.0,44.0,-37.7169,144.8815
ID665627167,18 Avoca St,4,h,5700000.0,12/11/2016,2.0,0.0,292.0,139.0,-37.8377,144.9894
ID905069238,1/29 Atkinson St,3,t,905000.0,20/05/2017,1.0,2.0,418.0,64.0,-37.885999999999996,145.096
ID512295079,49 Roberts Rd,4,h,765000.0,27/11/2016,1.0,2.0,509.0,44.0,-37.7261,144.8785
ID501099167,2/21 Elphin Gr,2,u,657500.0,19/11/2016,1.0,1.0,728.0,54.0,-37.8177,145.0424
ID455687859,2/1 Barbara St,2,u,605000.0,19/11/2016,1.0,2.0,180.0,39.0,-37.9363,145.0564
ID876830501,56 Denham St,3,h,1955000.0,27/05/2017,1.0,2.0,261.0,129.0,-37.81965,145.02366999999995
ID778136001,302/366 Church St,2,u,712000.0,26/07/2016,1.0,1.0,0.0,7.0,-37.823,144.9982
ID156243758,17 Chinnock Ct,5,h,680000.0,24/06/2017,3.0,2.0,646.0,119.0,-37.59902,144.92517
ID985300939,111 Loongana Av,3,h,770000.0,12/08/2017,1.0,2.0,604.0,59.0,-37.70855,144.90441
ID943417441,5 Russel Av,3,h,755000.0,22/07/2017,2.0,2.0,840.0,29.0,-38.02621,145.34635
ID317145525,33 Baxter Av,3,h,875000.0,16/09/2017,1.0,3.0,534.0,49.0,-38.046659999999996,145.12354
ID454368504,15 Retreat Pl,4,h,645000.0,1/07/2017,2.0,2.0,702.0,35.0,-37.8967,144.65264
ID864335660,1/247 Keilor Rd,3,t,750000.0,18/06/2016,1.0,1.0,253.0,22.0,-37.7397,144.898
ID363427955,2 Jamieson St,5,h,2155000.0,15/10/2016,2.0,2.0,692.0,99.0,-37.7784,145.0035
ID236318492,1/40 McComas St,2,u,410000.0,7/11/2016,1.0,1.0,180.0,15.0,-37.7283,145.0207
ID907575188,69 Chirnside St,3,h,1180000.0,3/06/2017,1.0,1.0,335.0,49.0,-37.80742,144.88297
ID524676617,4/32 Montgomery St,3,u,720000.0,12/08/2017,1.0,1.0,146.0,89.0,-37.75132,145.05331
ID493288767,4 Albany Ct,4,h,630000.0,3/09/2017,2.0,2.0,720.0,18.0,-37.87215,144.65608
ID301476933,11 Billson St,3,h,1400000.0,7/05/2016,1.0,3.0,613.0,69.0,-37.9177,145.0143
ID730203876,18 Molesworth Ct,4,h,1276000.0,12/08/2017,2.0,1.0,323.0,74.0,-37.794290000000004,144.87412
ID302724651,80 South Rd,4,h,645000.0,7/11/2016,2.0,1.0,283.0,29.0,-37.7908,144.8485
ID320971320,89 McMahon Rd,3,h,620000.0,27/11/2016,1.0,2.0,653.0,59.0,-37.7108,145.0156
ID577120818,14 Arthur St,3,h,1365000.0,3/09/2016,1.0,0.0,513.0,99.0,-37.8678,145.02700000000004
ID595067453,9 Ronald Av,3,h,690000.0,29/07/2017,2.0,4.0,806.0,34.0,-37.65498,145.08712
ID137297806,18 Francis St,2,h,780000.0,20/05/2017,1.0,1.0,433.0,79.0,-37.7521,145.0516
ID522854543,7 Duff St,4,h,1665000.0,16/09/2017,3.0,2.0,780.0,19.0,-37.9602,145.02026
ID399558166,527 Kings Rd,3,h,790500.0,3/06/2017,2.0,2.0,808.0,14.0,-37.6943,144.78187
ID203090745,182 Keele St,2,h,670000.0,18/03/2017,1.0,0.0,118.0,119.0,-37.7976,144.993
ID662925817,22 Claremont Cr,3,h,510000.0,9/09/2017,1.0,2.0,600.0,44.0,-37.8835,144.68447
ID517445572,26 Kirkwood Av,5,h,3350000.0,12/08/2017,4.0,4.0,700.0,44.0,-37.95762,145.01418
ID510203539,90 Bennett St,3,h,1400000.0,16/09/2017,2.0,2.0,9338.0,59.0,-37.781009999999995,144.98843
ID687788594,52 Emily St,3,h,1200000.0,14/05/2016,2.0,1.0,588.0,26.0,-37.8937,145.0648
ID798452723,13 Orlit Ct,4,h,545000.0,27/05/2017,2.0,2.0,635.0,34.0,-37.64051,145.05743
ID943642277,2/95 Dodds St,2,u,623000.0,7/05/2016,1.0,1.0,0.0,24.0,-37.828,144.9683
ID662299762,40 Kennedy St,3,h,1208000.0,12/11/2016,1.0,1.0,747.0,24.0,-37.9198,145.0791
ID655514600,145a Jasper Rd,3,h,1100000.0,16/07/2016,1.0,2.0,632.0,69.0,-37.921,145.0411
ID667257186,3/220 Warrigal Rd,2,u,435000.0,12/11/2016,1.0,1.0,896.0,59.0,-37.8479,145.0958
ID998046994,6 McShane St,3,h,779000.0,18/06/2016,1.0,2.0,945.0,34.0,-37.7027,145.0001
ID723804698,27/4 Seisman Pl,1,u,577000.0,8/10/2016,1.0,1.0,0.0,15.0,-37.8424,144.9449
ID773792154,49 Clifton St,2,h,765000.0,19/11/2016,1.0,0.0,98.0,129.0,-37.8501,144.9953
ID837368386,119 Boldrewood Pde,3,h,930000.0,16/09/2017,1.0,2.0,735.0,129.0,-37.714909999999996,145.02191000000005
ID280979777,19/8 The Strand,2,t,830000.0,7/11/2016,1.0,0.0,56.0,39.0,-37.8581,144.9011
ID702893585,8/48 Derby St,2,u,643000.0,20/05/2017,1.0,1.0,0.0,59.0,-37.8018,145.0376
ID550489174,30 Rothwell St,3,h,940000.0,3/12/2016,1.0,2.0,298.0,99.0,-37.7777,144.9195
ID803186906,15/14 The Esplanade,2,u,641000.0,8/04/2017,1.0,1.0,72.0,39.0,-37.7881,145.0058
ID573486898,5 Reys Cl,4,h,1285000.0,16/09/2017,2.0,4.0,656.0,39.0,-38.00394,145.1025
ID594661650,386 Station St,3,h,1160000.0,27/11/2016,2.0,2.0,644.0,18.0,-37.7604,145.02100000000004
ID924209309,12 Tambet St,2,h,702000.0,13/08/2016,1.0,1.0,591.0,59.0,-37.9179,145.071
ID483194218,70 Teddington Rd,3,h,1682000.0,10/12/2016,1.0,1.0,767.0,69.0,-37.9365,145.02200000000005
ID425277441,216 Progress Rd,4,h,890000.0,24/06/2017,2.0,2.0,786.0,39.0,-37.70257,145.14995
ID819234525,43 Fewster Rd,4,h,1250000.0,10/09/2016,3.0,2.0,398.0,5.0,-37.9381,145.0161
ID944232708,16 Kinsale St,3,h,665000.0,7/05/2016,1.0,4.0,503.0,19.0,-37.7226,144.9953
ID996046395,85 Roseneath St,2,h,1105000.0,8/10/2016,1.0,1.0,185.0,109.0,-37.7927,144.9981
ID468554835,40b Drysdale St,3,t,620500.0,7/05/2016,2.0,1.0,158.0,8.0,-37.7293,145.0216
ID158901337,89 John St,3,h,610000.0,3/09/2016,1.0,2.0,696.0,59.0,-37.6972,144.9431
ID731364609,33a Deutscher St,3,u,765000.0,6/05/2017,2.0,1.0,292.0,11.0,-37.7593,144.8561
ID163694265,6 Clarke St,3,h,1050000.0,15/10/2016,1.0,0.0,158.0,109.0,-37.7756,144.9891
ID768892766,66 Champion St,4,h,3900000.0,22/05/2016,2.0,2.0,842.0,29.0,-37.9227,145.0043
ID563702182,5 Berenice Tce,4,h,4000000.0,10/09/2016,2.0,2.0,632.0,49.0,-37.8338,145.0086
ID390045506,128 Driscolls Rd,3,h,582000.0,16/07/2016,2.0,4.0,530.0,39.0,-37.7375,144.8282
ID339669823,78 Edwin St,5,h,1587500.0,6/08/2016,5.0,2.0,599.0,6.0,-37.7521,145.0505
ID783040740,95 Walter St,4,h,1480000.0,17/09/2016,2.0,2.0,597.0,80.0,-37.7757,144.9088
ID294539403,40 Lockton Av,3,h,670000.0,29/07/2017,2.0,1.0,536.0,49.0,-37.69505,144.98126000000005
ID378604121,32 Retreat Rd,4,h,1900000.0,3/09/2017,3.0,2.0,699.0,34.0,-37.94088,145.0145
ID158636470,42a Essex Rd,4,h,1725000.0,18/06/2016,2.0,2.0,798.0,44.0,-37.8308,145.0916
ID995245984,4/8 Keam St,2,u,450000.0,14/05/2016,1.0,1.0,88.0,59.0,-37.7389,144.8998
ID608673855,1120 Burke Rd,3,h,2668000.0,22/07/2017,1.0,2.0,939.0,39.0,-37.794940000000004,145.06382
ID632908981,1 Blackshaw St,2,h,1668000.0,24/09/2016,1.0,2.0,595.0,21.0,-37.9092,145.0507
ID401243830,52 Frater St,3,h,1920000.0,10/12/2016,1.0,2.0,672.0,79.0,-37.789,145.0616
ID649204644,309/166 Rouse St,2,u,655000.0,18/06/2016,1.0,1.0,0.0,13.0,-37.8416,144.939
ID771192380,10 Tyler St,3,h,550000.0,8/10/2016,2.0,1.0,164.0,69.0,-37.7335,145.0374
ID957803339,224 Ballarat Rd,2,h,690500.0,19/11/2016,1.0,1.0,212.0,119.0,-37.7903,144.8879
ID829180406,266 Warrigal Rd,4,h,1050000.0,24/06/2017,2.0,2.0,624.0,59.0,-37.91489,145.08441000000005
ID251483984,4/2 Strettle St,2,u,716000.0,8/04/2017,1.0,1.0,0.0,24.0,-37.7554,144.982
ID500464684,12 Altyre Ct,3,h,565000.0,1/07/2017,1.0,2.0,614.0,44.0,-37.730740000000004,144.78925
ID240437253,184 Finch St,3,h,3310000.0,20/05/2017,3.0,2.0,662.0,31.0,-37.8605,145.0455
ID144308999,27 Charles St,2,h,1030000.0,30/07/2016,1.0,1.0,172.0,89.0,-37.8086,144.9946
ID439316801,4 Invermay Gr,3,h,1768000.0,9/09/2017,2.0,2.0,304.0,49.0,-37.832770000000004,145.04373
ID645928411,29 Charlotte St,3,h,901000.0,22/05/2016,1.0,1.0,557.0,119.0,-37.8378,144.8657
ID655547765,3/573 Riversdale Rd,2,t,900400.0,10/09/2016,1.0,1.0,93.0,59.0,-37.8314,145.0611
ID517039106,7 Kenneth St,3,h,1100000.0,4/03/2017,2.0,3.0,490.0,69.0,-37.7413,145.0203
ID529509441,4/6 Kelly St,3,u,701000.0,8/04/2017,2.0,2.0,235.0,19.0,-37.8856,145.0934
ID462157880,3 Brooke St,4,h,1950000.0,28/05/2016,2.0,1.0,489.0,109.0,-37.7762,145.0027
ID404158112,79 Chomley St,3,h,1358000.0,10/09/2016,1.0,1.0,189.0,49.0,-37.8561,145.0056
ID601127029,18/55 Moreland St,3,u,855000.0,17/06/2017,2.0,2.0,0.0,49.0,-37.804429999999996,144.90642
ID747650611,4/47 Middle Rd,2,u,420000.0,25/02/2017,1.0,1.0,0.0,49.0,-37.7678,144.8899
ID734673160,1/5 South Tce,3,u,500000.0,24/09/2016,1.0,1.0,260.0,29.0,-37.7507,144.8576
ID988585026,8 Perth Ct,4,h,709000.0,14/05/2016,2.0,2.0,453.0,12.0,-37.7016,144.8974
ID757984888,8/7 Neptune St,2,u,760000.0,27/05/2017,1.0,1.0,0.0,49.0,-37.95142,145.01977
ID656285668,7 Reddan Ct,4,h,1460800.0,19/11/2016,3.0,2.0,654.0,49.0,-37.7856,145.1088
ID452051368,92 Gilbert Rd,2,h,986000.0,22/05/2016,1.0,1.0,472.0,79.0,-37.7484,144.9886
ID983158546,12 Pindari Dr,4,t,860000.0,3/06/2017,3.0,2.0,304.0,49.0,-37.8543,145.25253
ID684888389,9 Yawla St,4,h,2255000.0,10/12/2016,3.0,2.0,557.0,11.0,-37.9132,145.0251
ID794090707,116 Leicester St,2,h,800000.0,27/06/2016,2.0,1.0,64.0,24.0,-37.7956,144.9804
ID582777045,18 Gillman St,3,h,1890000.0,18/06/2016,1.0,2.0,477.0,139.0,-37.8257,145.0514
ID220256903,1 Ann St,4,h,1260000.0,26/08/2017,2.0,4.0,578.0,99.0,-37.730579999999996,144.9353
ID808599657,57 Derby St,4,h,1690000.0,3/09/2017,2.0,4.0,350.0,119.0,-37.80127,145.03733
ID857385958,301/163 Cremorne St,1,u,425000.0,6/08/2016,1.0,1.0,0.0,12.0,-37.8301,144.9904
ID945447828,5/26 Clifton St,2,u,590000.0,10/12/2016,1.0,1.0,356.0,14.0,-37.8509,144.9954
ID163694265,6 Clarke St,3,h,1050000.0,15/10/2016,1.0,0.0,158.0,109.0,-37.7756,144.9891
ID181853573,50 Towerhill Rd,4,h,755000.0,15/07/2017,1.0,1.0,622.0,59.0,-38.16146,145.12997
ID676086942,41 Horace St,4,h,3800000.0,13/08/2016,3.0,2.0,587.0,3.0,-37.8613,145.0393
ID157336520,5 Ann Pl,4,h,590000.0,29/07/2017,2.0,2.0,531.0,94.0,-37.87896,144.75473
ID671163521,15 Carnon St,3,h,895000.0,24/06/2017,2.0,2.0,1036.0,65.0,-37.69538,145.11543
ID227486336,1a Benina St,2,u,860000.0,22/07/2017,1.0,1.0,230.0,29.0,-37.9236,145.05913
ID146072363,4 Vain Cl,3,h,665000.0,23/09/2017,1.0,4.0,345.0,39.0,-37.671209999999995,145.06246000000004
ID202550861,12 Inkerman St,3,h,1005000.0,22/07/2017,1.0,5.0,653.0,89.0,-37.786390000000004,144.88214
ID332719754,23 Flinders St,2,h,682000.0,22/04/2017,1.0,0.0,341.0,79.0,-37.7366,145.0509
ID726255942,35 Barkly St,3,h,1760000.0,20/05/2017,1.0,2.0,689.0,99.0,-37.8262,145.1301
ID285007195,3/38 Barkly St,2,u,503500.0,16/04/2016,1.0,1.0,683.0,79.0,-37.8594,144.9828
ID882029789,13 Willonga St,3,h,1000000.0,25/02/2017,1.0,2.0,697.0,19.0,-37.7273,144.917
ID598848651,42 Gower St,3,h,1060000.0,29/07/2017,1.0,0.0,190.0,11.0,-37.7956,144.92779
ID940382457,2/65 Parkhill Rd,3,t,1375000.0,17/06/2017,3.0,3.0,325.0,79.0,-37.80506,145.05223999999995
ID783846490,4/178 Murrumbeena Rd,3,t,785000.0,13/08/2016,2.0,2.0,0.0,10.0,-37.8969,145.0654
ID408867684,4/5 Anzac St,2,u,772000.0,4/06/2016,1.0,2.0,0.0,46.0,-37.8863,145.066
ID924951250,26 Carnarvon Rd,3,h,1720000.0,16/09/2017,1.0,2.0,631.0,119.0,-37.73887,144.91103
ID549172153,1/24 Daniel St,3,t,975000.0,8/04/2017,2.0,2.0,267.0,7.0,-37.8463,145.1071
ID622740867,2/104 Keon St,2,u,450000.0,22/08/2016,1.0,1.0,335.0,59.0,-37.7516,144.9871
ID285771586,2/12 Chettam St,3,u,380500.0,27/05/2017,2.0,1.0,156.0,6.0,-37.6349,145.04041999999995
ID686979613,1/191 New St,2,u,900000.0,14/05/2016,2.0,1.0,118.0,49.0,-37.914,144.9914
ID238056707,52 Park Rd,5,h,2000000.0,24/06/2017,3.0,2.0,735.0,74.0,-37.83583,145.10664
ID366236401,7 Haywood Gr,4,h,600000.0,12/08/2017,2.0,2.0,935.0,14.0,-37.68503,144.54237
ID400325717,9/162 Clarke St,2,u,601000.0,10/09/2016,1.0,1.0,0.0,109.0,-37.7765,144.996
ID724455914,31a Douglas St,3,u,1045000.0,4/03/2017,2.0,2.0,467.0,69.0,-37.8639,145.0968
ID826186558,6 Epping St,3,h,750000.0,9/09/2017,1.0,3.0,665.0,49.0,-37.70444000000001,144.95273999999995
ID424824718,4/27 Wilson St,2,u,677500.0,12/08/2017,1.0,1.0,130.0,49.0,-37.94874,145.02631
ID781527573,6 Paul Gr,4,h,675000.0,24/06/2017,2.0,2.0,1031.0,59.0,-38.00224,145.41081
ID773365121,29 Highland Av,4,h,1185000.0,26/08/2017,3.0,2.0,649.0,119.0,-37.81175,145.20501000000004
ID952738156,15 Comas Gr,5,h,2752000.0,22/08/2016,4.0,2.0,1075.0,9.0,-37.8714,145.07299999999995
ID505000119,3/136 Hoffmans Rd,2,u,405000.0,24/09/2016,1.0,1.0,121.0,49.0,-37.7401,144.8923
ID141836959,60 Erebus St,4,h,843000.0,11/02/2017,2.0,1.0,697.0,9.0,-37.7216,144.8605
ID234965675,3/217 Dandenong Rd,2,u,854000.0,22/04/2017,1.0,1.0,774.0,74.0,-37.8582,144.9979
ID233946784,3 Paula Ct,3,h,980500.0,27/11/2016,2.0,2.0,727.0,57.0,-37.9187,145.1098
ID696665375,60A Kennedy St,3,t,935000.0,3/06/2017,2.0,2.0,244.0,19.0,-37.9203,145.08074
ID166523238,5/652 Barkly St,2,u,456000.0,28/05/2016,1.0,1.0,0.0,44.0,-37.7966,144.8716
ID799638403,1/3 Liardet St,2,u,670000.0,22/08/2016,1.0,1.0,0.0,13.0,-37.8424,144.9449
ID469403862,1a Ardmillan Rd,3,h,1250000.0,23/04/2016,2.0,1.0,283.0,17.0,-37.7638,144.9175
ID937638591,23 Alden Ct,4,h,1120000.0,17/06/2017,2.0,2.0,806.0,19.0,-37.97245,145.07566
ID614922256,29 Hardwick St,2,h,981000.0,28/08/2016,1.0,1.0,263.0,109.0,-37.7493,144.97
ID501958433,8/101 Caroline St,2,u,1240000.0,15/10/2016,2.0,2.0,0.0,49.0,-37.8343,144.9888
ID218149349,1/112 Roslyn St,2,u,1300000.0,4/03/2017,2.0,2.0,329.0,79.0,-37.9172,145.004
ID330116287,11 Huntingfield Dr,4,h,1662000.0,3/06/2017,2.0,2.0,785.0,39.0,-37.7738,145.16711999999995
ID335219272,6 Tilley St,3,h,1145000.0,27/05/2017,1.0,2.0,584.0,69.0,-37.96911,145.07271
ID426752263,38 Bennett Pde,3,h,1700000.0,9/09/2017,1.0,2.0,579.0,28.0,-37.79733,145.06047
ID756285462,76 Perrett Av,3,h,711100.0,8/07/2017,1.0,2.0,743.0,49.0,-37.73615,144.81445
ID963288339,11/2 Mascoma St,2,h,535000.0,23/04/2016,1.0,1.0,151.0,19.0,-37.7296,144.9234
ID458439347,6 West St,3,u,806000.0,17/06/2017,1.0,2.0,319.0,49.0,-37.82275,145.1764
ID783096794,18 Lowan St,4,h,1290000.0,11/03/2017,2.0,2.0,468.0,7.0,-37.7724,144.9829
ID424834673,170 Coppin St,4,h,1800000.0,26/08/2017,1.0,4.0,418.0,59.0,-37.823679999999996,145.00271
ID215896911,47 Everett St,4,h,1250000.0,9/09/2017,2.0,2.0,600.0,15.0,-37.75465,144.94144
ID335950648,29 Benjamin St,2,h,611000.0,17/09/2016,1.0,2.0,204.0,94.0,-37.7938,144.8321
ID386098411,44 Moorna Dr,4,t,950000.0,12/08/2017,2.0,1.0,255.0,139.0,-37.72572,144.86848
ID805027456,2/67 Staughton Rd,3,h,1375000.0,15/10/2016,2.0,2.0,328.0,29.0,-37.8529,145.0605
ID982725518,13 Cedar Dr,3,h,1200000.0,12/08/2017,2.0,2.0,352.0,22.0,-37.77413,144.87533
ID287958067,1/7 Glenmore St,1,u,288000.0,12/06/2016,1.0,1.0,774.0,49.0,-37.8241,145.1262
ID666061148,84 Royal Tce,3,t,420000.0,27/05/2017,2.0,2.0,219.0,9.0,-37.57243,144.92663000000005
ID830803446,53 Broughton Rd,5,h,1350000.0,16/04/2016,2.0,2.0,677.0,71.0,-37.8316,145.1049
ID804401144,21 Edwin St,3,h,1242000.0,24/06/2017,2.0,3.0,468.0,79.0,-37.75335,145.01641999999995
ID305195017,129 Liberty Pde,3,h,625000.0,28/05/2016,1.0,2.0,609.0,69.0,-37.7504,145.0335
ID289648452,70 Park St,3,h,3000000.0,15/10/2016,3.0,2.0,191.0,129.0,-37.836,144.9824
ID951417331,12 Norfolk Cct,4,h,1520000.0,26/07/2016,3.0,2.0,657.0,9.0,-37.7954,145.1379
ID897130518,2/32 Wilson Rd,3,u,1000000.0,22/07/2017,2.0,2.0,365.0,23.0,-37.88599,145.17031
ID280366205,20 Sargood St,2,t,2100000.0,25/02/2017,2.0,3.0,457.0,59.0,-37.8464,145.0142
ID419344902,4 Marjorie Av,3,h,892000.0,8/07/2017,1.0,3.0,564.0,51.0,-37.98186,145.13081
ID274345620,65 Darling St,3,h,1240000.0,29/04/2017,2.0,2.0,275.0,139.0,-37.766999999999996,144.9108
ID305983917,11 Keiller St,3,h,1060000.0,16/09/2017,2.0,3.0,465.0,71.0,-37.93524,145.03438
ID441597149,10 Leslie St,4,h,631000.0,8/07/2017,1.0,3.0,559.0,49.0,-37.735929999999996,144.8101
ID679105082,1 Avenue Victoria,3,h,2040000.0,27/06/2016,1.0,2.0,783.0,69.0,-37.8234,145.0526
ID902193568,297 Ross St,4,h,2625000.0,3/09/2017,3.0,2.0,202.0,119.0,-37.83247,144.94212
ID910370085,21 Fiddes St,3,h,1224000.0,3/09/2016,1.0,3.0,834.0,59.0,-37.9376,145.0474
ID826923633,355 Nepean Hwy,3,h,1290000.0,10/12/2016,1.0,2.0,661.0,99.0,-37.9045,145.0082
ID708526451,30a Rooding St,2,u,985000.0,7/11/2016,1.0,1.0,611.0,6.0,-37.9039,145.0009
ID859206904,19 Hedderwick St,4,h,1250000.0,25/02/2017,2.0,2.0,644.0,69.0,-37.7997,145.0993
ID507708511,483 Gilbert Rd,3,h,905000.0,29/07/2017,1.0,1.0,473.0,99.0,-37.73379,144.99053999999995
ID469430185,10 Dawe Ct,3,h,515000.0,3/06/2017,1.0,2.0,565.0,22.0,-37.868520000000004,144.68039
ID582905872,44 Jackson St,5,h,1400000.0,17/09/2016,2.0,2.0,650.0,14.0,-37.7391,144.8875
ID158257172,280 Nott St,2,h,1355000.0,17/06/2017,1.0,0.0,156.0,69.0,-37.83343,144.94554
ID528138549,62 Donald St,3,h,1771000.0,16/09/2017,2.0,1.0,240.0,119.0,-37.8469,144.98705
ID319809218,3 Scotts Pde,4,h,1720000.0,22/08/2016,2.0,3.0,631.0,84.0,-37.7771,145.0448
ID376107485,2 Colin St,4,h,990000.0,8/04/2017,1.0,6.0,654.0,69.0,-37.7803,144.8415
ID958273729,4/27 Roseberry St,2,u,440000.0,19/11/2016,1.0,1.0,0.0,49.0,-37.7749,144.9137
ID844435616,9 Sussex St,5,h,4700000.0,12/11/2016,3.0,2.0,1073.0,8.0,-37.918,144.9911
ID335992292,16 Gavin St,3,h,537000.0,18/03/2017,1.0,2.0,600.0,44.0,-37.6876,144.9095
ID321609793,1/73 Flinders St,2,u,462000.0,13/05/2017,1.0,1.0,0.0,49.0,-37.7561,145.0067
ID589126087,157 Wiltshire Dr,3,t,730000.0,27/11/2016,2.0,2.0,0.0,40.0,-37.7941,145.0238
ID346682036,13 Riverview Rd,4,h,2205000.0,3/12/2016,2.0,2.0,750.0,69.0,-37.7906,145.0788
ID193794241,22 Greig St,3,h,3755000.0,26/07/2016,2.0,2.0,325.0,109.0,-37.8413,144.95
ID834240461,39 First Av,3,h,412250.0,22/07/2017,1.0,2.0,592.0,34.0,-37.700559999999996,144.57125
ID410202139,9 Bishop Pl,4,h,652000.0,3/09/2017,1.0,5.0,548.0,69.0,-37.65256,145.04093
ID932272105,3 Bown Ct,5,h,2000000.0,3/06/2017,3.0,2.0,645.0,29.0,-37.91818,145.01513
ID150134857,4 Brownfield St,3,h,1275000.0,12/08/2017,2.0,2.0,656.0,59.0,-37.967909999999996,145.06241
ID921948810,121 Warwick Rd,3,h,605000.0,12/11/2016,1.0,1.0,617.0,64.0,-37.7683,144.8314
ID181618673,45 Emmaline St,2,h,1020000.0,16/04/2016,1.0,1.0,354.0,99.0,-37.7638,144.9933
ID298463981,98 Barkly St,4,h,1900000.0,10/09/2016,2.0,1.0,227.0,7.0,-37.7776,144.9726
ID455609229,95 Essex St,4,h,985000.0,25/02/2017,2.0,2.0,511.0,12.0,-37.7268,144.9401
ID363113153,14 Carbine Wy,3,h,675000.0,8/07/2017,2.0,4.0,708.0,44.0,-37.72659,144.79668
ID493793638,2/37 Thomas St,2,u,600800.0,29/07/2017,1.0,1.0,1625.0,59.0,-37.84237,145.09257
ID705169982,3 Norma Ct,5,h,895000.0,14/05/2016,3.0,2.0,648.0,44.0,-37.7346,145.093
ID937008505,2 Clifton Ct,5,h,780000.0,17/06/2017,2.0,2.0,663.0,23.0,-37.694959999999995,144.79511000000005
ID383946222,414/6 Lord St,2,u,561000.0,4/03/2017,1.0,1.0,2571.0,6.0,-37.8198,145.005
ID903979888,39 Henry St,3,h,1455000.0,10/12/2016,1.0,0.0,275.0,119.0,-37.7954,144.9274
ID381221215,7/49 Bruce St,2,u,867000.0,8/04/2017,1.0,1.0,1087.0,16.0,-37.8373,145.0106
ID410325929,2 Seddon St,2,h,1025000.0,18/03/2017,1.0,0.0,248.0,119.0,-37.8083,144.8896
ID984740076,74 Challis St,4,h,1560000.0,6/05/2017,2.0,3.0,480.0,79.0,-37.8439,144.8733
ID423027749,17 Cityview Rd,5,h,1940000.0,27/05/2017,2.0,1.0,629.0,79.0,-37.79238,145.07841000000005
ID134120706,9 Vine Gr,2,h,1630000.0,22/07/2017,1.0,1.0,618.0,44.0,-37.89347,145.04772
ID457195431,4/62 St Vigeons Rd,2,u,350000.0,12/11/2016,1.0,1.0,102.0,49.0,-37.7064,145.0264
ID506589320,7 Church St,3,h,915000.0,17/09/2016,1.0,2.0,434.0,109.0,-37.7908,144.8793
ID394626026,8 Jerrold St,2,h,752000.0,7/05/2016,1.0,0.0,215.0,109.0,-37.7922,144.891
ID703093818,9/200 Melrose Dr,2,u,300000.0,29/07/2017,1.0,1.0,0.0,39.0,-37.69815,144.88019
ID390715251,76 Newry St,2,h,1116000.0,3/09/2016,1.0,0.0,152.0,109.0,-37.791,144.9809
ID546898128,29 MacGregor St,3,h,1915000.0,16/04/2016,2.0,2.0,700.0,99.0,-37.8807,145.0547
ID836271496,157 Bellevue Av,3,h,1400000.0,12/08/2017,2.0,2.0,697.0,14.0,-37.73165,145.06564
ID165400269,40 Hughes Pde,4,h,770000.0,4/03/2017,1.0,2.0,855.0,89.0,-37.6997,145.0043
ID779983801,4/58 Bath Rd,2,u,671000.0,4/03/2017,1.0,1.0,0.0,59.0,-37.8555,145.0889
ID133232455,178 Clarendon St,3,h,1430000.0,11/02/2017,1.0,3.0,705.0,49.0,-37.7611,145.0142
ID627322737,6 Pandanus Ct,2,h,777000.0,18/03/2017,1.0,0.0,649.0,64.0,-37.7443,145.0452
ID604464578,6/402 Whitehorse Rd,2,u,520000.0,27/06/2016,1.0,1.0,0.0,99.0,-37.8138,145.0879
ID859901645,81 Parramatta Rd,3,h,470000.0,16/09/2017,1.0,2.0,640.0,34.0,-37.88537,144.65337
ID346682036,13 Riverview Rd,4,h,2205000.0,3/12/2016,2.0,2.0,750.0,69.0,-37.7906,145.0788
ID983927171,1/52 Neville St,4,t,1100000.0,23/04/2016,3.0,2.0,305.0,23.0,-37.8978,145.0506
ID722504501,13/2 Saltriver Pl,3,u,674000.0,11/02/2017,2.0,1.0,8680.0,79.0,-37.8016,144.9082
ID459932229,1/241 Lower Plenty Rd,2,h,725000.0,14/05/2016,2.0,2.0,336.0,74.0,-37.7381,145.07299999999995
ID601036805,21 Mitchell St,3,h,820000.0,30/07/2016,1.0,4.0,578.0,13.0,-37.7837,144.8887
ID632645744,2/25 Birdwood St,2,u,495000.0,4/06/2016,1.0,1.0,76.0,39.0,-37.91,145.0842
ID881202656,5 Field St,3,u,1110000.0,16/07/2016,2.0,1.0,299.0,3.0,-37.8891,145.0294
ID931776990,39 Cuthbert St,4,h,1350000.0,7/11/2016,3.0,2.0,747.0,34.0,-37.7387,144.8827
ID884317234,47 Mooltan St,2,h,1100000.0,18/06/2016,1.0,1.0,321.0,119.0,-37.7818,144.9374
ID185200708,2 Erica Ct,2,h,736500.0,27/05/2017,1.0,1.0,271.0,5.0,-37.75329,145.04058999999995
ID921269245,110 Chapel Rd,3,h,1072000.0,26/08/2017,1.0,3.0,585.0,69.0,-37.93557,145.04918999999995
ID554072335,49 Tennyson St,3,h,1800000.0,19/08/2017,2.0,1.0,460.0,109.0,-37.872409999999995,145.05103
ID368426287,2a Kent Rd,3,h,616000.0,24/09/2016,1.0,1.0,190.0,49.0,-37.7211,144.9508
ID844987140,45 Hearn St,5,h,1085000.0,3/09/2016,3.0,6.0,592.0,54.0,-37.8388,144.8567
ID777038770,5 Combe Ct,3,h,556000.0,12/08/2017,1.0,1.0,525.0,39.0,-37.64421,145.03773
ID506475857,4 Trent Ct,4,h,1010000.0,14/05/2016,2.0,2.0,776.0,39.0,-37.7502,144.8745
ID733621716,47 Sheahans Rd,4,h,1260000.0,10/09/2016,2.0,2.0,730.0,48.0,-37.7606,145.0932
ID799977413,23 Wheatsheaf Rd,5,h,1150000.0,3/12/2016,3.0,2.0,700.0,54.0,-37.7095,144.9253
ID234036030,579 Warrigal Rd,3,h,700000.0,22/05/2016,0.0,0.0,456.0,59.0,-37.9314,145.0808
ID805270574,11 Amore Dr,3,h,555000.0,23/09/2017,2.0,1.0,156.0,39.0,-37.794979999999995,144.79545
ID519259852,414 Waverley Rd,3,h,1220000.0,29/04/2017,1.0,2.0,446.0,39.0,-37.8784,145.0654
ID986054578,2/222 Milleara Rd,3,u,470000.0,14/05/2016,1.0,1.0,254.0,49.0,-37.74800000000001,144.863
ID378035213,468 Moreland Rd,3,h,920000.0,12/11/2016,1.0,2.0,501.0,17.0,-37.753,144.9421
ID811925237,15 Caroline St,3,h,1460000.0,27/05/2017,1.0,0.0,192.0,119.0,-37.78992,144.99845
ID861727931,104 Studley Rd,3,h,1440000.0,15/07/2017,1.0,2.0,598.0,64.0,-37.76093,145.056
ID922567448,22 Skipton Rd,4,h,1337000.0,15/10/2016,1.0,2.0,696.0,89.0,-37.8991,145.0804
ID273011495,2/3 Andrews St,2,u,475000.0,28/05/2016,1.0,2.0,247.0,45.0,-37.7502,145.069
ID327891954,4/3 King St,3,h,700000.0,7/05/2016,1.0,1.0,188.0,49.0,-37.8065,145.065
ID215720614,22 Atkinson St,4,h,1700000.0,12/08/2017,2.0,2.0,673.0,5.0,-37.92837,145.03821000000005
ID410407557,67 Ballarat Rd,2,h,646000.0,13/08/2016,1.0,2.0,270.0,119.0,-37.7871,144.8791
ID503275378,4/36 Robert St,1,u,380000.0,8/04/2017,1.0,1.0,89.0,39.0,-37.8291,144.8848
ID946741045,2/115 Gillies St,2,u,505000.0,7/11/2016,1.0,1.0,0.0,49.0,-37.7755,145.0178
ID634357925,154 Grandview Gr,4,h,1380000.0,8/04/2017,2.0,2.0,607.0,119.0,-37.7334,145.0631
ID751716110,3 Lovely St,3,h,670000.0,3/12/2016,1.0,3.0,587.0,69.0,-37.7007,144.9632
ID202105066,23A The Boulevard,5,h,1920000.0,27/11/2016,3.0,2.0,900.0,64.0,-37.7868,145.0677
ID660748297,21 Ardyne St,4,h,1610000.0,15/10/2016,2.0,2.0,660.0,99.0,-37.8932,145.0681
ID545204064,3/157 Deakin St,3,t,770000.0,16/09/2017,1.0,1.0,116.0,18.0,-37.73899,144.89291
ID117107407,4/8 Margot St,2,h,470000.0,6/05/2017,1.0,1.0,0.0,44.0,-37.8088,144.8715
ID512770008,30 Godley St,4,h,895500.0,12/11/2016,2.0,4.0,864.0,79.0,-37.7034,144.9886
ID552721101,4/69 Wattle Valley Rd,2,u,913000.0,8/04/2017,1.0,1.0,0.0,99.0,-37.8322,145.0816
ID751250343,2/143 Smith St,1,u,315000.0,19/11/2016,1.0,1.0,0.0,49.0,-37.7566,144.9893
ID259426596,8/19 Fletcher St,2,u,370000.0,25/02/2017,1.0,0.0,0.0,24.0,-37.7558,144.9233
ID737606123,5/240 Barkly St,1,u,370500.0,10/12/2016,1.0,1.0,0.0,59.0,-37.8722,144.9805
ID270645423,10 Intervale Dr,4,h,790000.0,27/11/2016,2.0,2.0,570.0,24.0,-37.7513,144.859
ID449292199,83 Tarrengower St,3,h,1165000.0,3/09/2016,1.0,0.0,191.0,109.0,-37.8175,144.8879
ID736060163,30 Strang St,4,h,555000.0,3/09/2017,1.0,2.0,570.0,34.0,-37.87552,144.69648
ID592422599,2/5 Denham St,2,u,762000.0,17/06/2017,1.0,1.0,1583.0,49.0,-37.81857,145.01703999999995
ID643381011,17 Bannister St,4,h,618000.0,20/05/2017,1.0,2.0,604.0,49.0,-37.6875,144.9102
ID766651864,42 Mitchell St,6,h,1050000.0,24/06/2017,4.0,2.0,662.0,39.0,-38.1078,145.1305
ID768358247,1/48 Ormond Rd,2,u,1015000.0,13/08/2016,1.0,2.0,0.0,16.0,-37.8844,144.9855
ID115844085,7/27 High St,3,t,1310000.0,15/10/2016,2.0,2.0,330.0,18.0,-37.8167,145.107
ID457640406,31 Goldsmith St,3,h,2116000.0,3/12/2016,1.0,2.0,463.0,59.0,-37.8787,144.985
ID350208854,44 Stenson Rd,4,h,751000.0,19/11/2016,2.0,2.0,649.0,19.0,-37.7382,144.8292
ID734759722,7 McLachlan St,3,h,2315000.0,18/03/2017,1.0,2.0,899.0,59.0,-37.7822,144.9935
ID563648439,2/1 Alexandra Av,2,u,1350000.0,12/08/2017,2.0,1.0,0.0,89.0,-37.82863,144.98514
ID194456199,2/32 Burns St,3,t,555000.0,17/09/2016,1.0,2.0,210.0,7.0,-37.7869,144.8749
ID197303552,3/94 Balwyn Rd,2,u,1053000.0,16/07/2016,1.0,2.0,231.0,34.0,-37.8123,145.0821
ID409308550,53 Mater St,2,h,1080000.0,22/07/2017,1.0,0.0,0.0,129.0,-37.79589,144.98863
ID950305212,225 Gillies St,3,h,1055000.0,27/06/2016,1.0,2.0,382.0,69.0,-37.7696,145.0188
ID903083527,51/88 Wells St,2,u,580000.0,8/04/2017,1.0,1.0,0.0,24.0,-37.8273,144.9685
ID158518732,35 Studley Rd,4,t,1620000.0,17/06/2017,2.0,2.0,326.0,19.0,-37.92875,145.0248
ID476961538,3/32 Kumara Cct,3,t,420000.0,8/07/2017,2.0,2.0,155.0,8.0,-37.63478,145.08486000000005
ID596596197,19/110 Caroline St,2,u,780000.0,8/10/2016,1.0,1.0,0.0,59.0,-37.8343,144.9899
ID183634266,2/686 Inkerman Rd,2,u,575000.0,20/05/2017,1.0,1.0,0.0,49.0,-37.8692,145.0233
ID710849432,1/62 Tudor St,3,h,810000.0,20/05/2017,1.0,1.0,294.0,69.0,-37.919000000000004,145.0803
ID911797790,5/35 Jamieson St,3,t,1015000.0,8/10/2016,2.0,1.0,112.0,19.0,-37.7912,144.9825
ID434790841,235 Military Rd,3,h,863000.0,28/08/2016,2.0,3.0,638.0,59.0,-37.7546,144.8585
ID239223486,23 Solway St,4,h,2220000.0,13/05/2017,3.0,2.0,480.0,3.0,-37.8726,145.0716
ID795258442,23 The Crescent,3,h,1260000.0,29/07/2017,1.0,0.0,642.0,13.0,-37.946909999999995,145.04935
ID216912104,73 Talintyre Rd,3,h,496000.0,3/09/2016,1.0,2.0,780.0,20.0,-37.8004,144.8105
ID757312519,20 Ward St,4,h,2405000.0,3/06/2017,2.0,2.0,604.0,89.0,-37.86513,145.07918999999995
ID505909928,96 Hamilton St,2,h,820000.0,20/05/2017,1.0,0.0,211.0,59.0,-37.812,144.8865
ID444038958,139 Cecil St,4,h,2255000.0,27/11/2016,1.0,3.0,765.0,139.0,-37.8621,144.8999
ID201322666,6 Boyne St,4,h,1240000.0,8/04/2017,2.0,2.0,456.0,3.0,-37.7317,144.9829
ID847157483,18 Carlsberg Rd,4,h,3300000.0,29/07/2017,2.0,3.0,1783.0,59.0,-37.76457,145.06555
ID842153463,12 Strada Cr,4,h,1245000.0,26/08/2017,2.0,2.0,652.0,38.0,-37.90562,145.16761
ID672060840,431 Wattletree Rd,3,h,2500000.0,12/08/2017,3.0,3.0,1011.0,94.0,-37.8652,145.05248
ID637506800,41 Queen St,3,h,1690000.0,27/06/2016,2.0,2.0,692.0,13.0,-37.9043,145.0358
ID924951250,26 Carnarvon Rd,3,h,1720000.0,16/09/2017,1.0,2.0,631.0,119.0,-37.73887,144.91103
ID298397060,13 Leonardo Dr,4,h,720000.0,9/09/2017,2.0,2.0,573.0,39.0,-37.60686,145.08615
ID579284894,1/2 Dakara Cl,3,u,420000.0,22/07/2017,1.0,1.0,658.0,29.0,-37.64821,144.92526999999995
ID352260691,6 Caspian Tce,4,h,1200000.0,29/04/2017,3.0,2.0,183.0,13.0,-37.8566,144.8737
ID520075433,14 Tatterson St,3,h,561000.0,27/05/2017,2.0,3.0,646.0,94.0,-38.03378,145.2621
ID791764183,10 Matthews St,3,h,960000.0,15/07/2017,2.0,2.0,655.0,34.0,-37.79352,144.84318000000005
ID579487646,2/13 Motherwell St,1,u,465000.0,6/08/2016,1.0,1.0,0.0,49.0,-37.8456,145.0005
ID685814574,2A Gordon St,2,h,710000.0,1/07/2017,1.0,2.0,120.0,8.0,-37.84026,144.86667
ID702804733,5/1 Parer St,2,h,600000.0,12/06/2016,1.0,1.0,211.0,44.0,-37.9086,145.0977
ID369566222,3 Kendall St,4,h,1600000.0,3/12/2016,2.0,2.0,607.0,8.0,-37.9324,145.0235
ID806723452,1 McLean St,3,h,645000.0,6/05/2017,3.0,1.0,131.0,11.0,-37.7559,144.9378
ID409079715,12 Foam St,4,h,2400000.0,17/09/2016,2.0,4.0,802.0,84.0,-37.9379,145.0067
ID957700975,60 Childers St,3,h,1500000.0,27/11/2016,1.0,2.0,857.0,78.0,-37.7981,145.0423
ID619019068,5 Grainger Ct,3,h,1001000.0,29/07/2017,1.0,2.0,727.0,49.0,-37.9128,145.16152
ID124517785,24A Daisy St,2,h,930000.0,18/03/2017,1.0,2.0,225.0,29.0,-37.7548,144.9113
ID478592898,9 Hawkhurst St,3,h,1190000.0,16/09/2017,1.0,2.0,515.0,64.0,-37.82067,144.87725
ID436166954,106 Ross St,2,h,1000000.0,7/05/2016,1.0,1.0,90.0,12.0,-37.8357,144.9376
ID459701044,7 Gladstone St,3,h,1565000.0,27/06/2016,1.0,1.0,535.0,72.0,-37.8027,145.0404
ID973289273,1/63 Millswyn St,2,u,805000.0,12/11/2016,1.0,1.0,0.0,139.0,-37.8359,144.9801
ID733621716,47 Sheahans Rd,4,h,1260000.0,10/09/2016,2.0,2.0,730.0,48.0,-37.7606,145.0932
ID649204644,309/166 Rouse St,2,u,655000.0,18/06/2016,1.0,1.0,0.0,13.0,-37.8416,144.939
ID783040740,95 Walter St,4,h,1480000.0,17/09/2016,2.0,2.0,597.0,80.0,-37.7757,144.9088
ID254031854,48 Greeves St,4,h,1600000.0,12/08/2017,2.0,3.0,613.0,109.0,-37.86667,144.98324
ID369566222,3 Kendall St,4,h,1600000.0,3/12/2016,2.0,2.0,607.0,8.0,-37.9324,145.0235
ID227486336,1a Benina St,2,u,860000.0,22/07/2017,1.0,1.0,230.0,29.0,-37.9236,145.05913
ID905069238,1/29 Atkinson St,3,t,905000.0,20/05/2017,1.0,2.0,418.0,64.0,-37.885999999999996,145.096
ID193794241,22 Greig St,3,h,3755000.0,26/07/2016,2.0,2.0,325.0,109.0,-37.8413,144.95
ID902193568,297 Ross St,4,h,2625000.0,3/09/2017,3.0,2.0,202.0,119.0,-37.83247,144.94212
ID289648452,70 Park St,3,h,3000000.0,15/10/2016,3.0,2.0,191.0,129.0,-37.836,144.9824
ID368426287,2a Kent Rd,3,h,616000.0,24/09/2016,1.0,1.0,190.0,49.0,-37.7211,144.9508
ID354899735,66 Ursa St,3,h,1490000.0,17/06/2017,1.0,2.0,703.0,69.0,-37.78327,145.07709
ID859206904,19 Hedderwick St,4,h,1250000.0,25/02/2017,2.0,2.0,644.0,69.0,-37.7997,145.0993
ID847157483,18 Carlsberg Rd,4,h,3300000.0,29/07/2017,2.0,3.0,1783.0,59.0,-37.76457,145.06555
ID287958067,1/7 Glenmore St,1,u,288000.0,12/06/2016,1.0,1.0,774.0,49.0,-37.8241,145.1262
ID251483984,4/2 Strettle St,2,u,716000.0,8/04/2017,1.0,1.0,0.0,24.0,-37.7554,144.982
ID667257186,3/220 Warrigal Rd,2,u,435000.0,12/11/2016,1.0,1.0,896.0,59.0,-37.8479,145.0958
ID843376702,8 Cash St,4,h,1740000.0,10/09/2016,2.0,2.0,610.0,26.0,-37.7843,145.0891
ID747650611,4/47 Middle Rd,2,u,420000.0,25/02/2017,1.0,1.0,0.0,49.0,-37.7678,144.8899
ID638345547,39 Kiewa St,3,h,1542000.0,8/04/2017,2.0,2.0,980.0,39.0,-37.7883,145.1387
